Магазин,Файл,Дата заказа,Товар,Количество,Единица,Вес единицы,Цена за единицу (BYN),Итого (BYN)
sosedi,Check-000001.html,2026-05-22 12:15:39,[М] ТВОРОГ САВУШКИН РАССЫПЧ.5% ПАК.350Г,1.0,г,350.0,3.39,3.39
sosedi,Check-000001.html,2026-05-22 12:15:39,Капуста белокочанная 1кг,1.904,кг,1.0,1.59,3.03
sosedi,Check-000001.html,2026-05-22 12:15:39,[М] МОЛОКО ЗДРАВУШКА 3.2% ПЭТ 0.93Л,1.0,л,0.93,2.69,2.69
sosedi,Check-000001.html,2026-05-22 12:15:39,[М] МОЛОКО ЗДРАВУШКА 3.2% ПЭТ 0.93Л,1.0,л,0.93,2.69,2.69
sosedi,Check-000001.html,2026-05-22 12:15:39,[М] МОЛОКО ЗДРАВУШКА 3.2% ПЭТ 0.93Л,1.0,л,0.93,2.69,2.69
sosedi,Check-000001.html,2026-05-22 12:15:39,[М] ЙОГУРТ ГРЕЧ.ТЕОС 2% 250Г,1.0,г,250.0,2.25,2.25
sosedi,Check-000001.html,2026-05-22 12:15:39,[М] ЙОГУРТ ГРЕЧ.ТЕОС 2% 250Г,1.0,г,250.0,2.25,2.25
sosedi,Check-000001.html,2026-05-22 12:15:39,[М] ЙОГУРТ ГРЕЧ.ТЕОС 2% 250Г,1.0,г,250.0,2.25,2.25
sosedi,Check-000001.html,2026-05-22 12:15:39,[М] ЙОГУРТ ГРЕЧ.ТЕОС 2% 250Г,1.0,г,250.0,2.25,2.25
sosedi,Check-000001.html,2026-05-22 12:15:39,[М] ЙОГУРТ ГРЕЧ.ТЕОС 2% 250Г,1.0,г,250.0,2.25,2.25
sosedi,Check-000001.html,2026-05-22 12:15:39,Соль морская 1кг,0.477,кг,1.0,4.39,2.09
sosedi,Check-000001.html,2026-05-22 12:15:39,[М] ТВОРОГ ТРАДИЦИОННЫЙ 5% 180Г,1.0,г,180.0,1.96,1.96
sosedi,Check-000001.html,2026-05-22 12:15:39,[М] ТВОРОГ ТРАДИЦИОННЫЙ 5% 180Г,1.0,г,180.0,1.96,1.96
sosedi,Check-000001.html,2026-05-22 12:15:39,[М] ТВОРОГ ТРАДИЦИОННЫЙ 5% 180Г,1.0,г,180.0,1.96,1.96
sosedi,Check-000001.html,2026-05-22 12:15:39,[М] ЙОГУРТ ГРЕЧ.ТЕОС 2% МАНГО-ЧИА 140Г,1.0,г,140.0,1.57,1.57
sosedi,Check-000001.html,2026-05-22 12:15:39,[М] ЙОГУРТ ГРЕЧ.ТЕОС 2% МАНГО-ЧИА 140Г,1.0,г,140.0,1.57,1.57
sosedi,Check-000001.html,2026-05-22 12:15:39,[М] ЙОГУРТ ГРЕЧ.ТЕОС 2% МАНГО-ЧИА 140Г,1.0,г,140.0,1.57,1.57
sosedi,Check-000001.html,2026-05-22 12:15:39,[М] ЙОГУРТ ГРЕЧ.ТЕОС 2% МАНГО-ЧИА 140Г,1.0,г,140.0,1.57,1.57
sosedi,Check-000001.html,2026-05-22 12:15:39,[М] ЙОГУРТ ГРЕЧ.ТЕОС 2% МАНГО-ЧИА 140Г,1.0,г,140.0,1.57,1.57
sosedi,Check-000001.html,2026-05-22 12:15:39,[М] ЙОГУРТ ГРЕЧ.ТЕОС 2% МАНГО-ЧИА 140Г,1.0,г,140.0,1.57,1.57
sosedi,Check-000002.html,2026-05-19 09:28:56,АВОКАДО 1КГ,0.91,,1.0,12.99,11.82
sosedi,Check-000002.html,2026-05-19 09:28:56,РЫБА СВ/М ЗУБАТК.СИН.СТЕЙК ДЕЛ МАРЕ 600Г,1.0,г,600.0,10.99,10.99
sosedi,Check-000002.html,2026-05-19 09:28:56,РЫБА СВ/М ЗУБАТК.СИН.СТЕЙК ДЕЛ МАРЕ 600Г,1.0,г,600.0,10.99,10.99
sosedi,Check-000002.html,2026-05-19 09:28:56,СЫРОК ГЛ.МОЛОЧНАЯ СТРАНА 23% ВАН.45Г,11.0,г,45.0,0.99,10.89
sosedi,Check-000002.html,2026-05-19 09:28:56,Макароны спиральки 400г,3.0,г,400.0,3.29,9.87
sosedi,Check-000002.html,2026-05-19 09:28:56,Консервы горошек 425мл,2.708,л,0.425,3.44,9.32
sosedi,Check-000002.html,2026-05-19 09:28:56,Печенье детское 150г,3.0,г,150.0,2.49,7.47
sosedi,Check-000002.html,2026-05-19 09:28:56,ЯБЛОКО СВЕЖЕЕ РЕД ПРИНЦ РБ 1КГ,1.474,,1.0,4.44,6.54
sosedi,Check-000002.html,2026-05-19 09:28:56,БАНАН 1КГ,1.388,,1.0,4.67,6.48
sosedi,Check-000002.html,2026-05-19 09:28:56,БАНАН 1КГ,1.37,,1.0,4.67,6.4
sosedi,Check-000002.html,2026-05-19 09:28:56,[М] СЫР БРЕСТ-ЛИТОВСК МААСДАМ 45% ФАС.200Г,1.0,г,200.0,5.46,5.46
sosedi,Check-000002.html,2026-05-19 09:28:56,[М] СЫР БРЕСТ-ЛИТОВСК МААСДАМ 45% ФАС.200Г,1.0,г,200.0,5.46,5.46
sosedi,Check-000002.html,2026-05-19 09:28:56,[М] СЫР БРЕСТ-ЛИТОВСК МААСДАМ 45% ФАС.200Г,1.0,г,200.0,5.46,5.46
sosedi,Check-000002.html,2026-05-19 09:28:56,ПЕЧЕНЬЕ СЛОДЫЧ МАРИЭРТА 430Г,1.0,г,430.0,5.41,5.41
sosedi,Check-000002.html,2026-05-19 09:28:56,Сливки 10% 0.5л,2.056,л,0.5,2.49,5.12
sosedi,Check-000002.html,2026-05-19 09:28:56,ЯБЛОКО СВЕЖЕЕ РЕД ПРИНЦ РБ 1КГ,1.09,,1.0,4.44,4.84
sosedi,Check-000002.html,2026-05-19 09:28:56,НАПИТОК К/М ЭКСПОН.БЕЗЛ.АНАН/КОК.500Г,1.0,г,500.0,4.79,4.79
sosedi,Check-000002.html,2026-05-19 09:28:56,САЛАТ ФАНТАЗИЯ 380Г,1.0,г,380.0,3.91,3.91
sosedi,Check-000002.html,2026-05-19 09:28:56,САЛАТ ФАНТАЗИЯ 380Г,1.0,г,380.0,3.91,3.91
sosedi,Check-000002.html,2026-05-19 09:28:56,[М] НАПИТОК К/М ЭКСПОНЕНТА ВИШН/ВАН.450Г,1.0,г,450.0,3.49,3.49
sosedi,Check-000002.html,2026-05-19 09:28:56,[М] НАПИТОК К/М ЭКСПОНЕНТА ВИШН/ВАН.450Г,1.0,г,450.0,3.49,3.49
sosedi,Check-000002.html,2026-05-19 09:28:56,[М] НАПИТОК К/М ЭКСПОНЕНТА ВИШН/ВАН.450Г,1.0,г,450.0,3.49,3.49
sosedi,Check-000002.html,2026-05-19 09:28:56,САЛАТ КАПУСТА ПО-ДОМАШНЕМУ 380Г,1.0,г,380.0,3.41,3.41
sosedi,Check-000002.html,2026-05-19 09:28:56,[М] НАПИТОК К/М ЭКСПОН.НОРМ ПРО КЛУБН.500Г,1.0,г,500.0,3.29,3.29
sosedi,Check-000002.html,2026-05-19 09:28:56,[М] НАПИТОК К/М ЭКСПОН.НОРМ ПРО КЛУБН.500Г,1.0,г,500.0,3.29,3.29
sosedi,Check-000002.html,2026-05-19 09:28:56,САЛАТ МОРКОВЬ ПО-КОРЕЙС.УМНЫЙ ВЫБОР 380Г,1.0,г,380.0,2.99,2.99
sosedi,Check-000002.html,2026-05-19 09:28:56,[М] МОЛОКО ОТБОРНОЕ 3.4-6% ПЭТ 0.93Л,1.0,л,0.93,2.88,2.88
sosedi,Check-000002.html,2026-05-19 09:28:56,[М] МОЛОКО ОТБОРНОЕ 3.4-6% ПЭТ 0.93Л,1.0,л,0.93,2.88,2.88
sosedi,Check-000002.html,2026-05-19 09:28:56,[М] МОЛОКО ОТБОРНОЕ 3.4-6% ПЭТ 0.93Л,1.0,л,0.93,2.88,2.88
sosedi,Check-000002.html,2026-05-19 09:28:56,[М] МОЛОКО ОТБОРНОЕ 3.4-6% ПЭТ 0.93Л,1.0,л,0.93,2.88,2.88
sosedi,Check-000002.html,2026-05-19 09:28:56,СУХАРИ ЛАДУШКИ С ИЗЮМОМ 250Г,1.0,г,250.0,2.25,2.25
sosedi,Check-000002.html,2026-05-19 09:28:56,СУХАРИ ЛАДУШКИ С ИЗЮМОМ 250Г,1.0,г,250.0,2.25,2.25
sosedi,Check-000002.html,2026-05-19 09:28:56,[М] ЙОГУРТ ЗВОНКА 2% ПЕРСИК/МАРАКУЙЯ 310Г,1.0,г,310.0,1.95,1.95
sosedi,Check-000002.html,2026-05-19 09:28:56,[М] ЙОГУРТ ЗВОНКА 2% ПЕРСИК/МАРАКУЙЯ 310Г,1.0,г,310.0,1.95,1.95
sosedi,Check-000002.html,2026-05-19 09:28:56,[М] ЙОГУРТ ЗВОНКА 2% ПЕРСИК/МАРАКУЙЯ 310Г,1.0,г,310.0,1.95,1.95
sosedi,Check-000002.html,2026-05-19 09:28:56,[М] ЙОГУРТ ЗВОНКА 2% ПЕРСИК/МАРАКУЙЯ 310Г,1.0,г,310.0,1.95,1.95
sosedi,Check-000002.html,2026-05-19 09:28:56,[М] МОРОЖЕНОЕ СУЛТАН ФИСТАШКА ЭСКИМО 80Г,1.0,г,80.0,1.7,1.7
sosedi,Check-000002.html,2026-05-19 09:28:56,[М] МОРОЖЕНОЕ СУЛТАН ФИСТАШКА ЭСКИМО 80Г,1.0,г,80.0,1.7,1.7
sosedi,Check-000002.html,2026-05-19 09:28:56,[М] МОРОЖЕНОЕ СУЛТАН ФИСТАШКА ЭСКИМО 80Г,1.0,г,80.0,1.7,1.7
sosedi,Check-000002.html,2026-05-19 09:28:56,[М] МОРОЖЕНОЕ СУЛТАН ФИСТАШКА ЭСКИМО 80Г,1.0,г,80.0,1.7,1.7
sosedi,Check-000002.html,2026-05-19 09:28:56,[М] МОРОЖЕНОЕ СУЛТАН ФИСТАШКА ЭСКИМО 80Г,1.0,г,80.0,1.7,1.7
sosedi,Check-000002.html,2026-05-19 09:28:56,[М] МОРОЖЕНОЕ СУЛТАН ФИСТАШКА ЭСКИМО 80Г,1.0,г,80.0,1.7,1.7
sosedi,Check-000002.html,2026-05-19 09:28:56,КРУПА ГРЕЧНЕВАЯ УМНЫЙ ВЫБОР ЯДРИЦА 700Г,1.0,г,700.0,1.68,1.68
sosedi,Check-000002.html,2026-05-19 09:28:56,КРУПА ГРЕЧНЕВАЯ УМНЫЙ ВЫБОР ЯДРИЦА 700Г,1.0,г,700.0,1.68,1.68
sosedi,Check-000002.html,2026-05-19 09:28:56,[М] ЙОГУРТ ГРЕЧ.ТЕОС 2% ЧЕРНИКА 140Г,1.0,г,140.0,1.57,1.57
sosedi,Check-000002.html,2026-05-19 09:28:56,[М] ЙОГУРТ ГРЕЧ.ТЕОС 2% ЧЕРНИКА 140Г,1.0,г,140.0,1.57,1.57
sosedi,Check-000002.html,2026-05-19 09:28:56,[М] ЙОГУРТ ГРЕЧ.ТЕОС 2% МАНГО-ЧИА 140Г,1.0,г,140.0,1.57,1.57
sosedi,Check-000002.html,2026-05-19 09:28:56,[М] ЙОГУРТ ГРЕЧ.ТЕОС 2% ЧЕРНИКА 140Г,1.0,г,140.0,1.57,1.57
sosedi,Check-000002.html,2026-05-19 09:28:56,[М] ЙОГУРТ ГРЕЧ.ТЕОС 2% МАНГО-ЧИА 140Г,1.0,г,140.0,1.57,1.57
sosedi,Check-000002.html,2026-05-19 09:28:56,[М] ЙОГУРТ ГРЕЧ.ТЕОС 2% МАНГО-ЧИА 140Г,1.0,г,140.0,1.57,1.57
sosedi,Check-000002.html,2026-05-19 09:28:56,[М] ЙОГУРТ ГРЕЧ.ТЕОС 2% ЧЕРНИКА 140Г,1.0,г,140.0,1.57,1.57
sosedi,Check-000002.html,2026-05-19 09:28:56,[М] МОРОЖЕНОЕ СУЛТАН КРЕМ-БРЮЛЕ ЭСКИМО 80Г,1.0,г,80.0,1.37,1.37
sosedi,Check-000002.html,2026-05-19 09:28:56,БАТОН ДЛЯ ВАШЕЙ СЕМЬИ В/С УПАК.НАР.240Г,1.0,г,240.0,1.11,1.11
sosedi,Check-000002.html,2026-05-19 09:28:56,ПАКЕТ МАЙКА БАМБОЛЕЙЛО БОЛЬШОЙ,1.0,,,0.59,0.59
sosedi,Check-000003.html,2026-05-16 10:45:34,БУМАГА ТУАЛ.СОФФИОНЕ ЛАВАНДА 3-ХСЛ.4РУЛ.,1.0,,,4.44,4.44
sosedi,Check-000003.html,2026-05-16 10:45:34,Сгущенка вареная 8.5% 360г,1.0,г,360.0,4.2,4.2
sosedi,Check-000003.html,2026-05-16 10:45:34,Сметана 20% 400г,1.0,г,400.0,3.75,3.75
sosedi,Check-000003.html,2026-05-16 10:45:34,Кефир 3.2% 1л,1.207,л,1.0,2.95,3.56
sosedi,Check-000003.html,2026-05-16 10:45:34,[М] НАПИТОК К/М ЭКСПОНЕНТА ВИШН/ВАН.450Г,1.0,г,450.0,3.49,3.49
sosedi,Check-000003.html,2026-05-16 10:45:34,[М] НАПИТОК К/М ЭКСПОНЕНТА ВИШН/ВАН.450Г,1.0,г,450.0,3.49,3.49
sosedi,Check-000003.html,2026-05-16 10:45:34,Творог зерненый 5% 200г,1.0,г,200.0,2.55,2.55
sosedi,Check-000003.html,2026-05-16 10:45:34,[М] МОРОЖЕНОЕ 28 КОПЕЕК ПЛОМБИР АР.ВАНИЛ.70Г,1.0,,,2.05,2.05
sosedi,Check-000003.html,2026-05-16 10:45:34,[М] МОРОЖЕНОЕ 28 КОПЕЕК ШОКОЛ.В ГЛАЗУРИ 70Г,1.0,,,2.05,2.05
sosedi,Check-000003.html,2026-05-16 10:45:34,Печенье овсяное 200г,1.0,г,200.0,1.89,1.89
sosedi,Check-000003.html,2026-05-16 10:45:34,Печенье песочное 200г,1.0,г,200.0,1.75,1.75
sosedi,Check-000003.html,2026-05-16 10:45:34,[М] МОРОЖЕНОЕ СУЛТАН ФИСТАШКА ЭСКИМО 80Г,1.0,г,80.0,1.7,1.7
sosedi,Check-000003.html,2026-05-16 10:45:34,[М] МОРОЖЕНОЕ БР-ЛИТ.ПЛОМБ.СТ.ВАН.75Г,1.0,г,75.0,1.54,1.54
sosedi,Check-000003.html,2026-05-16 10:45:34,[М] МОРОЖЕНОЕ БР-ЛИТ.ПЛОМБ.СТ.ВАН.75Г,1.0,г,75.0,1.54,1.54
sosedi,Check-000003.html,2026-05-16 10:45:34,[М] МОРОЖЕНОЕ БР-ЛИТ.ПЛОМБ.СТ.ВАН.75Г,1.0,г,75.0,1.54,1.54
sosedi,Check-000003.html,2026-05-16 10:45:34,[М] МОРОЖЕНОЕ БР-ЛИТ.ПЛОМБ.СТ.ВАН.75Г,1.0,г,75.0,1.54,1.54
sosedi,Check-000003.html,2026-05-16 10:45:34,[М] МОРОЖЕНОЕ БР-ЛИТ.ПЛОМБ.СТ.ВАН.75Г,1.0,г,75.0,1.54,1.54
sosedi,Check-000003.html,2026-05-16 10:45:34,ПАКЕТ МАЙКА СОСЕДИ МАЛЫЙ БИОРАЗЛАГАЕМЫЙ,1.0,,,0.59,0.59
sosedi,Check-000004.html,2026-05-16 11:00:39,П/Ф ЦЫПЛЕНОК ГОЛЕНЬ ОХЛ.ЛОТ.750Г,1.0,г,750.0,6.99,6.99
sosedi,Check-000004.html,2026-05-16 11:00:39,П/Ф ЦЫПЛЕНОК ГОЛЕНЬ ОХЛ.ЛОТ.750Г,1.0,г,750.0,6.99,6.99
sosedi,Check-000004.html,2026-05-16 11:00:39,ШОКОЛАД СПАРТАК ГОР.С ФУНДУКОМ ПЕН.90Г,1.0,г,90.0,6.33,6.33
sosedi,Check-000004.html,2026-05-16 11:00:39,ШАРИКИ ВИТЬБА ШОКОЛАДНЫЕ 250Г,1.0,г,250.0,4.99,4.99
sosedi,Check-000004.html,2026-05-16 11:00:39,ШАРИКИ ВИТЬБА ШОКОЛАДНЫЕ 250Г,1.0,г,250.0,4.99,4.99
sosedi,Check-000004.html,2026-05-16 11:00:39,ЗЕФИР ПЕРВЫЙ БОБРУЙСКИЙ ВАНИЛЬНЫЙ 250Г,1.0,г,250.0,4.21,4.21
sosedi,Check-000004.html,2026-05-16 11:00:39,САЛАТ ФАНТАЗИЯ 380Г,1.0,г,380.0,3.91,3.91
sosedi,Check-000004.html,2026-05-16 11:00:39,ПЕЧЕНЬЕ ЛЮБЯТОВО ШОКОЛАДНОЕ 228Г,1.0,г,228.0,3.7,3.7
sosedi,Check-000004.html,2026-05-16 11:00:39,Грейпфрут красный 1кг,0.508,кг,1.0,7.27,3.69
sosedi,Check-000004.html,2026-05-16 11:00:39,САЛАТ КАПУСТА ПО-БЕЛОРУССКИ 380Г,1.0,г,380.0,3.51,3.51
sosedi,Check-000004.html,2026-05-16 11:00:39,[М] НАПИТОК К/М ЭКСПОН.НОРМ ПРО КЛУБН.500Г,1.0,г,500.0,3.29,3.29
sosedi,Check-000004.html,2026-05-16 11:00:39,[М] НАПИТОК К/М ЭКСПОН.НОРМ ПРО КЛУБН.500Г,1.0,г,500.0,3.29,3.29
sosedi,Check-000004.html,2026-05-16 11:00:39,[М] НАПИТОК К/М ЭКСПОН.НОРМ ПРО КЛУБН.500Г,1.0,г,500.0,3.29,3.29
sosedi,Check-000004.html,2026-05-16 11:00:39,[М] НАПИТОК К/М ЭКСПОН.НОРМ ПРО КЛУБН.500Г,1.0,г,500.0,3.29,3.29
sosedi,Check-000004.html,2026-05-16 11:00:39,Кекс ванильный 300г,1.0,г,300.0,2.99,2.99
sosedi,Check-000004.html,2026-05-16 11:00:39,[М] МОЛОКО ЗДРАВУШКА 3.2% ПЭТ 0.93Л,1.0,л,0.93,2.69,2.69
sosedi,Check-000004.html,2026-05-16 11:00:39,[М] МОЛОКО ЗДРАВУШКА 3.2% ПЭТ 0.93Л,1.0,л,0.93,2.69,2.69
sosedi,Check-000004.html,2026-05-16 11:00:39,БАТОН ДЛЯ ВАШЕЙ СЕМЬИ В/С УПАК.НАР.500Г,1.0,г,500.0,1.98,1.98
sosedi,Check-000005.html,2026-05-14 11:59:57,[М] ТВОРОГ САВУШКИН РАССЫПЧ.5% ПАК.700Г,1.0,г,700.0,6.93,6.93
sosedi,Check-000005.html,2026-05-14 11:59:57,БАНАН 1КГ,1.294,,1.0,4.92,6.37
sosedi,Check-000005.html,2026-05-14 11:59:57,[М] МАСЛО СЛ/СЛ.СЛАВЯНСКИЕ ТРАДИЦ.82.5% 180Г,1.0,г,180.0,5.16,5.16
sosedi,Check-000005.html,2026-05-14 11:59:57,[М] МАСЛО СЛ/СЛ.СЛАВЯНСКИЕ ТРАДИЦ.82.5% 180Г,1.0,г,180.0,5.16,5.16
sosedi,Check-000005.html,2026-05-14 11:59:57,ШАРИКИ ВИТЬБА ШОКОЛАДНЫЕ 250Г,1.0,г,250.0,4.99,4.99
sosedi,Check-000005.html,2026-05-14 11:59:57,ШАРИКИ ВИТЬБА ШОКОЛАДНЫЕ 250Г,1.0,г,250.0,4.99,4.99
sosedi,Check-000005.html,2026-05-14 11:59:57,СЫРОК ГЛ.МОЛОЧНАЯ СТРАНА 23% КАКАО 45Г,5.0,г,45.0,0.99,4.95
sosedi,Check-000005.html,2026-05-14 11:59:57,БУМАГА ТУАЛ.СОФФИОНЕ ЛАВАНДА 3-ХСЛ.4РУЛ.,1.0,,,4.44,4.44
sosedi,Check-000005.html,2026-05-14 11:59:57,ЯЙЦО КУР.ОМЕГГА3 С-2 ФАС.10ШТ,1.0,,,2.99,2.99
sosedi,Check-000005.html,2026-05-14 11:59:57,ЯЙЦО КУР.ОМЕГГА3 С-2 ФАС.10ШТ,1.0,,,2.99,2.99
sosedi,Check-000005.html,2026-05-14 11:59:57,Сыр плавленый 55% 180г,1.0,г,180.0,2.95,2.95
sosedi,Check-000005.html,2026-05-14 11:59:57,Лимонад 0.5л,1.367,л,0.5,1.99,2.72
sosedi,Check-000005.html,2026-05-14 11:59:57,КРУПА ГРЕЧНЕВАЯ УМНЫЙ ВЫБОР ЯДРИЦА 700Г,1.0,г,700.0,1.68,1.68
sosedi,Check-000005.html,2026-05-14 11:59:57,КРУПА ГРЕЧНЕВАЯ УМНЫЙ ВЫБОР ЯДРИЦА 700Г,1.0,г,700.0,1.68,1.68
sosedi,Check-000005.html,2026-05-14 11:59:57,[М] ЙОГУРТ ГРЕЧ.ТЕОС 2% ЧЕРНИКА 140Г,1.0,г,140.0,1.57,1.57
sosedi,Check-000005.html,2026-05-14 11:59:57,[М] ЙОГУРТ ГРЕЧ.ТЕОС 2% ЧЕРНИКА 140Г,1.0,г,140.0,1.57,1.57
sosedi,Check-000005.html,2026-05-14 11:59:57,[М] ЙОГУРТ ГРЕЧ.ТЕОС 2% ЧЕРНИКА 140Г,1.0,г,140.0,1.57,1.57
sosedi,Check-000005.html,2026-05-14 11:59:57,[М] ЙОГУРТ ГРЕЧ.ТЕОС 2% ЧЕРНИКА 140Г,1.0,г,140.0,1.57,1.57
sosedi,Check-000005.html,2026-05-14 11:59:57,[М] ЙОГУРТ ГРЕЧ.ТЕОС 2% ЧЕРНИКА 140Г,1.0,г,140.0,1.57,1.57
sosedi,Check-000005.html,2026-05-14 11:59:57,[М] ЙОГУРТ ГРЕЧ.ТЕОС 2% ЧЕРНИКА 140Г,1.0,г,140.0,1.57,1.57
sosedi,Check-000005.html,2026-05-14 11:59:57,[М] ЙОГУРТ ГРЕЧ.ТЕОС 2% МАНГО-ЧИА 140Г,1.0,г,140.0,1.57,1.57
sosedi,Check-000005.html,2026-05-14 11:59:57,[М] ЙОГУРТ ГРЕЧ.ТЕОС 2% МАНГО-ЧИА 140Г,1.0,г,140.0,1.57,1.57
sosedi,Check-000005.html,2026-05-14 11:59:57,БАТОН ДЛЯ ВАШЕЙ СЕМЬИ В/С УПАК.НАР.240Г,1.0,г,240.0,1.11,1.11
sosedi,Check-000005.html,2026-05-14 11:59:57,СЫРОК ГЛ.МОЛОЧНАЯ СТРАНА 23% КАКАО 45Г,1.0,г,45.0,0.99,0.99
sosedi,Check-000005.html,2026-05-14 11:59:57,СЫРОК ГЛ.МОЛОЧНАЯ СТРАНА 23% КАКАО 45Г,1.0,г,45.0,0.99,0.99
sosedi,Check-000005.html,2026-05-14 11:59:57,СЫРОК ГЛ.МОЛОЧНАЯ СТРАНА 23% КАКАО 45Г,1.0,г,45.0,0.99,0.99
sosedi,Check-000005.html,2026-05-14 11:59:57,СЫРОК ГЛ.МОЛОЧНАЯ СТРАНА 23% КАКАО 45Г,1.0,г,45.0,0.99,0.99
sosedi,Check-000005.html,2026-05-14 11:59:57,СЫРОК ГЛ.МОЛОЧНАЯ СТРАНА 23% КАКАО 45Г,1.0,г,45.0,0.99,0.99
sosedi,Check-000006.html,2026-05-12 11:20:34,РЫБА ФОРЕЛЬ РАДУЖ.ЗАК.ЭЛИТН.КУС.СОЛ.200Г,1.0,г,200.0,12.99,12.99
sosedi,Check-000006.html,2026-05-12 11:20:34,РЫБА ФОРЕЛЬ РАДУЖ.ЗАК.ЭЛИТН.КУС.СОЛ.200Г,1.0,г,200.0,12.99,12.99
sosedi,Check-000006.html,2026-05-12 11:20:34,П/Ф ЦЫПЛ.БР.ФИЛЕ ОХЛ.ЛОТ.850Г,1.0,г,850.0,11.84,11.84
sosedi,Check-000006.html,2026-05-12 11:20:34,Бекон 200г,2.0,г,200.0,5.59,11.18
sosedi,Check-000006.html,2026-05-12 11:20:34,Апельсин 1кг,1.726,кг,1.0,5.79,9.99
sosedi,Check-000006.html,2026-05-12 11:20:34,[М] ТВОРОГ САВУШКИН РАССЫПЧ.5% ПАК.700Г,1.0,г,700.0,6.93,6.93
sosedi,Check-000006.html,2026-05-12 11:20:34,[М] ТВОРОГ САВУШКИН РАССЫПЧ.5% ПАК.700Г,1.0,г,700.0,6.93,6.93
sosedi,Check-000006.html,2026-05-12 11:20:34,Хлеб ржаной 400г,3.0,г,400.0,1.39,4.17
sosedi,Check-000006.html,2026-05-12 11:20:34,ПЕЧЕНЬЕ СЛОДЫЧ МАРИЭРТА 430Г,1.0,г,430.0,3.99,3.99
sosedi,Check-000006.html,2026-05-12 11:20:34,[М] МОЛОКО ЗДРАВУШКА 3.2% ПЭТ 0.93Л,1.0,л,0.93,2.69,2.69
sosedi,Check-000006.html,2026-05-12 11:20:34,[М] МОЛОКО ЗДРАВУШКА 3.2% ПЭТ 0.93Л,1.0,л,0.93,2.69,2.69
sosedi,Check-000006.html,2026-05-12 11:20:34,КЕТЧУП МАХЕЕВЪ ШАШЛЫЧНЫЙ Д/П 300Г,1.0,г,300.0,2.39,2.39
sosedi,Check-000006.html,2026-05-12 11:20:34,КЕТЧУП МАХЕЕВЪ ТОМАТНЫЙ Д/П 300Г,1.0,г,300.0,2.39,2.39
sosedi,Check-000006.html,2026-05-12 11:20:34,СУХАРИ ЛАДУШКИ С ИЗЮМОМ 250Г,1.0,г,250.0,2.25,2.25
sosedi,Check-000006.html,2026-05-12 11:20:34,[М] ЙОГУРТ ГРЕЧ.ТЕОС 2% ЗЛАК/КЛ.ЛЬНА 140Г,1.0,г,140.0,1.57,1.57
sosedi,Check-000006.html,2026-05-12 11:20:34,[М] ЙОГУРТ ГРЕЧ.ТЕОС 2% ЗЛАК/КЛ.ЛЬНА 140Г,1.0,г,140.0,1.57,1.57
sosedi,Check-000006.html,2026-05-12 11:20:34,Лук репчатый 1кг,0.861,кг,1.0,1.65,1.42
sosedi,Check-000006.html,2026-05-12 11:20:34,БАТОН ДЛЯ ВАШЕЙ СЕМЬИ В/С УПАК.НАР.240Г,1.0,г,240.0,1.11,1.11
sosedi,Check-000007.html,2026-05-11 20:56:25,РЫБА СВ/М МИНТАЙ ФИЛЕ Б/К ДЕЛ МАРЕ 600Г,1.0,г,600.0,9.99,9.99
sosedi,Check-000007.html,2026-05-11 20:56:25,П/Ф ЦЫПЛ.ГРУДКА ОХЛ.ЛОТ.1КГ,0.826,,1.0,11.79,9.74
sosedi,Check-000007.html,2026-05-11 20:56:25,СЫРОК ГЛ.МОЛОЧНАЯ СТРАНА 23% КАКАО 45Г,8.0,г,45.0,0.99,7.92
sosedi,Check-000007.html,2026-05-11 20:56:25,САЛАТ АЙСБЕРГ ИМПОРТНЫЙ 1КГ 62523,0.642,,1.0,11.0,7.06
sosedi,Check-000007.html,2026-05-11 20:56:25,ТОМАТ СЛИВКА РБ 1КГ,0.794,,1.0,6.41,5.09
sosedi,Check-000007.html,2026-05-11 20:56:25,АВОКАДО 1КГ,0.36,,1.0,14.0,5.04
sosedi,Check-000007.html,2026-05-11 20:56:25,Батон с отрубями 300г,3.0,г,300.0,1.45,4.35
sosedi,Check-000007.html,2026-05-11 20:56:25,БАНАН 1КГ,0.946,,1.0,4.5,4.26
sosedi,Check-000007.html,2026-05-11 20:56:25,САЛАТ ФАНТАЗИЯ 380Г,1.0,г,380.0,3.79,3.79
sosedi,Check-000007.html,2026-05-11 20:56:25,[М] МОЛОКО ОТБОРНОЕ 3.4-6% ПЭТ 0.93Л,1.0,л,0.93,2.88,2.88
sosedi,Check-000007.html,2026-05-11 20:56:25,[М] МОЛОКО УЛЬТР.СЛАВ.ТРАДИЦИИ 3.2% ПЭТ 0.9Л,1.0,л,0.9,2.38,2.38
sosedi,Check-000007.html,2026-05-11 20:56:25,[М] МОЛОКО УЛЬТР.СЛАВ.ТРАДИЦИИ 3.2% ПЭТ 0.9Л,1.0,л,0.9,2.38,2.38
sosedi,Check-000007.html,2026-05-11 20:56:25,Творог 9% 200г,1.0,г,200.0,2.37,2.37
sosedi,Check-000007.html,2026-05-11 20:56:25,[М] ЙОГУРТ ГРЕЧ.ТЕОС 2% ЧЕРНИКА 140Г,1.0,г,140.0,1.57,1.57
sosedi,Check-000007.html,2026-05-11 20:56:25,[М] ЙОГУРТ ГРЕЧ.ТЕОС 2% ЧЕРНИКА 140Г,1.0,г,140.0,1.57,1.57
sosedi,Check-000007.html,2026-05-11 20:56:25,[М] ЙОГУРТ ГРЕЧ.ТЕОС 2% ЧЕРНИКА 140Г,1.0,г,140.0,1.57,1.57
sosedi,Check-000007.html,2026-05-11 20:56:25,[М] ЙОГУРТ ГРЕЧ.ТЕОС 2% ЗЛАК/КЛ.ЛЬНА 140Г,1.0,г,140.0,1.57,1.57
sosedi,Check-000007.html,2026-05-11 20:56:25,[М] ЙОГУРТ ГРЕЧ.ТЕОС 2% ЧЕРНИКА 140Г,1.0,г,140.0,1.57,1.57
sosedi,Check-000007.html,2026-05-11 20:56:25,[М] ЙОГУРТ ГРЕЧ.ТЕОС 2% ЗЛАК/КЛ.ЛЬНА 140Г,1.0,г,140.0,1.57,1.57
sosedi,Check-000008.html,2026-05-08 17:29:03,РЫБА ФОРЕЛЬ РАДУЖ.ЗАК.ЭЛИТН.КУС.СОЛ.200Г,1.0,г,200.0,12.99,12.99
sosedi,Check-000008.html,2026-05-08 17:29:03,РЫБА ФОРЕЛЬ РАДУЖ.ЗАК.ЭЛИТН.КУС.СОЛ.200Г,1.0,г,200.0,12.99,12.99
sosedi,Check-000008.html,2026-05-08 17:29:03,РЫБА ФОРЕЛЬ РАДУЖ.ЗАК.ЭЛИТН.КУС.СОЛ.200Г,1.0,г,200.0,12.99,12.99
sosedi,Check-000008.html,2026-05-08 17:29:03,РЫБА ФОРЕЛЬ РАДУЖ.ЗАК.ЭЛИТН.КУС.СОЛ.200Г,1.0,г,200.0,12.99,12.99
sosedi,Check-000008.html,2026-05-08 17:29:03,РЫБА ФОРЕЛЬ РАДУЖ.ЗАК.ЭЛИТН.КУС.СОЛ.200Г,1.0,г,200.0,12.99,12.99
sosedi,Check-000008.html,2026-05-08 17:29:03,РЫБА ФОРЕЛЬ РАДУЖ.ЗАК.ЭЛИТН.КУС.СОЛ.200Г,1.0,г,200.0,12.99,12.99
sosedi,Check-000008.html,2026-05-08 17:29:03,Сок томатный 1л,2.657,л,1.0,3.49,9.27
sosedi,Check-000008.html,2026-05-08 17:29:03,БАНАН 1КГ,1.632,,1.0,4.99,8.14
sosedi,Check-000008.html,2026-05-08 17:29:03,Колбаса копченая 300г,1.0,г,300.0,7.99,7.99
sosedi,Check-000008.html,2026-05-08 17:29:03,Грудинка копченая 200г,1.0,г,200.0,6.99,6.99
sosedi,Check-000008.html,2026-05-08 17:29:03,ЯБЛОКО ПРИНЦ 1КГ,1.774,,1.0,3.67,6.51
sosedi,Check-000008.html,2026-05-08 17:29:03,ЯБЛОКО ПРИНЦ 1КГ,1.716,,1.0,3.67,6.3
sosedi,Check-000008.html,2026-05-08 17:29:03,Сыр плавленый 55% 180г,2.0,г,180.0,2.95,5.9
sosedi,Check-000008.html,2026-05-08 17:29:03,НЕКТАР МОРКОВНЫЙ С/М 0.73Л,1.0,л,0.73,3.88,3.88
sosedi,Check-000008.html,2026-05-08 17:29:03,[М] ЙОГУРТ ГРЕЧ.ТЕОС 2% ЧЕРНИКА 140Г,1.0,г,140.0,1.57,1.57
sosedi,Check-000008.html,2026-05-08 17:29:03,[М] ЙОГУРТ ГРЕЧ.ТЕОС 2% МАНГО-ЧИА 140Г,1.0,г,140.0,1.57,1.57
sosedi,Check-000008.html,2026-05-08 17:29:03,[М] ЙОГУРТ ГРЕЧ.ТЕОС 2% МАНГО-ЧИА 140Г,1.0,г,140.0,1.57,1.57
sosedi,Check-000008.html,2026-05-08 17:29:03,[М] ЙОГУРТ ГРЕЧ.ТЕОС 2% МАНГО-ЧИА 140Г,1.0,г,140.0,1.57,1.57
sosedi,Check-000008.html,2026-05-08 17:29:03,[М] ЙОГУРТ ГРЕЧ.ТЕОС 2% МАНГО-ЧИА 140Г,1.0,г,140.0,1.57,1.57
sosedi,Check-000008.html,2026-05-08 17:29:03,[М] ЙОГУРТ ГРЕЧ.ТЕОС 2% МАНГО-ЧИА 140Г,1.0,г,140.0,1.57,1.57
sosedi,Check-000008.html,2026-05-08 17:29:03,[М] ЙОГУРТ ГРЕЧ.ТЕОС 2% ЗЛАК/КЛ.ЛЬНА 140Г,1.0,г,140.0,1.57,1.57
sosedi,Check-000008.html,2026-05-08 17:29:03,[М] ЙОГУРТ ГРЕЧ.ТЕОС 2% ЧЕРНИКА 140Г,1.0,г,140.0,1.57,1.57
sosedi,Check-000008.html,2026-05-08 17:29:03,[М] ЙОГУРТ ГРЕЧ.ТЕОС 2% ЗЛАК/КЛ.ЛЬНА 140Г,1.0,г,140.0,1.57,1.57
sosedi,Check-000008.html,2026-05-08 17:29:03,Батон с отрубями 300г,1.0,г,300.0,1.45,1.45
sosedi,Check-000009.html,2026-05-08 10:03:59,Мандарин 1кг,0.88,кг,1.0,7.27,6.4
sosedi,Check-000009.html,2026-05-08 10:03:59,[М] СЫР БРЕСТ-ЛИТОВСК МААСДАМ 45% ФАС.200Г,1.0,г,200.0,5.46,5.46
sosedi,Check-000009.html,2026-05-08 10:03:59,[М] СЫР БРЕСТ-ЛИТОВСК МААСДАМ 45% ФАС.200Г,1.0,г,200.0,5.46,5.46
sosedi,Check-000009.html,2026-05-08 10:03:59,[М] СЫР БРЕСТ-ЛИТОВСК МААСДАМ 45% ФАС.200Г,1.0,г,200.0,5.46,5.46
sosedi,Check-000009.html,2026-05-08 10:03:59,[М] МАСЛО СЛ/СЛ.СЛАВЯНСКИЕ ТРАДИЦ.82.5% 180Г,1.0,г,180.0,5.16,5.16
sosedi,Check-000009.html,2026-05-08 10:03:59,[М] МАСЛО СЛ/СЛ.СЛАВЯНСКИЕ ТРАДИЦ.82.5% 180Г,1.0,г,180.0,5.16,5.16
sosedi,Check-000009.html,2026-05-08 10:03:59,[М] МАСЛО СЛ/СЛ.СЛАВЯНСКИЕ ТРАДИЦ.82.5% 180Г,1.0,г,180.0,5.16,5.16
sosedi,Check-000009.html,2026-05-08 10:03:59,[М] МАСЛО СЛ/СЛ.СЛАВЯНСКИЕ ТРАДИЦ.82.5% 180Г,1.0,г,180.0,5.16,5.16
sosedi,Check-000009.html,2026-05-08 10:03:59,ШАРИКИ ВИТЬБА ШОКОЛАДНЫЕ 250Г,1.0,г,250.0,4.49,4.49
sosedi,Check-000009.html,2026-05-08 10:03:59,ШАРИКИ ВИТЬБА ШОКОЛАДНЫЕ 250Г,1.0,г,250.0,4.49,4.49
sosedi,Check-000009.html,2026-05-08 10:03:59,[М] НАПИТОК К/М ЭКСП.ХАЙ ПРО ЧЕРН/ЗЕМЛ.250Г,1.0,г,250.0,4.49,4.49
sosedi,Check-000009.html,2026-05-08 10:03:59,Соль морская 1кг,0.998,кг,1.0,4.39,4.38
sosedi,Check-000009.html,2026-05-08 10:03:59,Куриное крыло 1кг,0.561,кг,1.0,7.49,4.2
sosedi,Check-000009.html,2026-05-08 10:03:59,Рис пропаренный 900г,1.0,г,900.0,4.19,4.19
sosedi,Check-000009.html,2026-05-08 10:03:59,НЕКТАР МОРКОВНЫЙ С/М 0.73Л,1.0,л,0.73,3.88,3.88
sosedi,Check-000009.html,2026-05-08 10:03:59,НЕКТАР МОРКОВНЫЙ С/М 0.73Л,1.0,л,0.73,3.88,3.88
sosedi,Check-000009.html,2026-05-08 10:03:59,[М] НАПИТОК К/М ЭКСПОНЕНТА ВИШН/ВАН.450Г,1.0,г,450.0,3.49,3.49
sosedi,Check-000009.html,2026-05-08 10:03:59,[М] НАПИТОК К/М ЭКСПОНЕНТА ВИШН/ВАН.450Г,1.0,г,450.0,3.49,3.49
sosedi,Check-000009.html,2026-05-08 10:03:59,[М] НАПИТОК К/М ЭКСПОНЕНТА ВИШН/ВАН.450Г,1.0,г,450.0,3.49,3.49
sosedi,Check-000009.html,2026-05-08 10:03:59,[М] НАПИТОК К/М ЭКСПОНЕНТА ВИШН/ВАН.450Г,1.0,г,450.0,3.49,3.49
sosedi,Check-000009.html,2026-05-08 10:03:59,НАПИТОК ЧАЙН.РОМАШКА СУСЕД.МАЕНТАК 20Г,1.0,г,20.0,2.99,2.99
sosedi,Check-000009.html,2026-05-08 10:03:59,[М] МОЛОКО ЗДРАВУШКА 3.2% ПЭТ 0.93Л,1.0,л,0.93,2.69,2.69
sosedi,Check-000009.html,2026-05-08 10:03:59,[М] МОЛОКО ЗДРАВУШКА 3.2% ПЭТ 0.93Л,1.0,л,0.93,2.69,2.69
sosedi,Check-000009.html,2026-05-08 10:03:59,[М] МОЛОКО ЗДРАВУШКА 3.2% ПЭТ 0.93Л,1.0,л,0.93,2.69,2.69
sosedi,Check-000009.html,2026-05-08 10:03:59,[М] МОЛОКО ЗДРАВУШКА 3.2% ПЭТ 0.93Л,1.0,л,0.93,2.69,2.69
sosedi,Check-000009.html,2026-05-08 10:03:59,Картофель 1кг,1.191,кг,1.0,1.99,2.37
sosedi,Check-000009.html,2026-05-08 10:03:59,БАТОН ДЛЯ ВАШЕЙ СЕМЬИ В/С УПАК.НАР.500Г,1.0,г,500.0,1.98,1.98
sosedi,Check-000009.html,2026-05-08 10:03:59,Майонез 400мл,0.478,л,0.4,3.49,1.67
sosedi,Check-000010.html,2026-05-03 11:34:10,ЯБЛОКО ДЖОНАГОРЕД 1КГ,1.828,,1.0,3.54,6.47
sosedi,Check-000010.html,2026-05-03 11:34:10,Сок апельсиновый 1л,1.136,л,1.0,4.49,5.1
sosedi,Check-000010.html,2026-05-03 11:34:10,Йогурт греческий 2% 140г,3.0,г,140.0,1.69,5.07
sosedi,Check-000010.html,2026-05-03 11:34:10,Киви 1кг,0.489,кг,1.0,8.49,4.15
sosedi,Check-000010.html,2026-05-03 11:34:10,ГОРОШЕК ЗЕЛЕНЫЙ ГРИН РЭЙ 400Г,1.0,г,400.0,4.13,4.13
sosedi,Check-000010.html,2026-05-03 11:34:10,КУКУРУЗА ГРИН РЭЙ 340Г,1.0,г,340.0,3.99,3.99
sosedi,Check-000010.html,2026-05-03 11:34:10,СЫРОК ГЛ.МОЛОЧНАЯ СТРАНА 23% ВАН.45Г,4.0,г,45.0,0.99,3.96
sosedi,Check-000010.html,2026-05-03 11:34:10,СЫРОК ГЛ.МОЛОЧНАЯ СТРАНА 23% КАКАО 45Г,4.0,г,45.0,0.99,3.96
sosedi,Check-000010.html,2026-05-03 11:34:10,САЛФЕТКИ ДЕТ.ВЛ.ЗАЯ С КЛАП.72ШТ,1.0,шт,72.0,3.49,3.49
sosedi,Check-000010.html,2026-05-03 11:34:10,ВАФЛИ ВЕСЕЛАЯ ТЕЛОЧКА СГУЩ.МОЛОКО 150Г,1.0,г,150.0,2.86,2.86
sosedi,Check-000010.html,2026-05-03 11:34:10,[М] МОЛОКО ЗДРАВУШКА 3.2% ПЭТ 0.93Л,1.0,л,0.93,2.69,2.69
sosedi,Check-000010.html,2026-05-03 11:34:10,[М] МОЛОКО ЗДРАВУШКА 3.2% ПЭТ 0.93Л,1.0,л,0.93,2.69,2.69
sosedi,Check-000010.html,2026-05-03 11:34:10,[М] МОЛОКО ЗДРАВУШКА 3.2% ПЭТ 0.93Л,1.0,л,0.93,2.69,2.69
sosedi,Check-000010.html,2026-05-03 11:34:10,КРУПА ГРЕЧНЕВАЯ КАРАЧИХА ЯДРИЦА 700Г,1.0,г,700.0,2.44,2.44
sosedi,Check-000010.html,2026-05-03 11:34:10,КРУПА ГРЕЧНЕВАЯ КАРАЧИХА ЯДРИЦА 700Г,1.0,г,700.0,2.44,2.44
sosedi,Check-000010.html,2026-05-03 11:34:10,Гречневая крупа 900г,1.0,г,900.0,2.35,2.35
sosedi,Check-000010.html,2026-05-03 11:34:10,БУМАГА ТУАЛ.УМНЫЙ ВЫБОР БЕЛ.2-ХСЛ.4ШТ,1.0,шт,4.0,2.22,2.22
sosedi,Check-000010.html,2026-05-03 11:34:10,[М] МОРОЖЕНОЕ КАПРИЗ ШОКОЛАД НА ПЕЧЕНЬЕ 90Г,1.0,г,90.0,2.19,2.19
sosedi,Check-000010.html,2026-05-03 11:34:10,[М] МОРОЖЕНОЕ 28 КОПЕЕК ЭСКИМО АР.ЛИМОНА 70Г,1.0,,,2.05,2.05
sosedi,Check-000010.html,2026-05-03 11:34:10,ДЕТ.ПИТ.ПЮРЕ БАМБОЛИНА ПЕРСИК/ЯБЛ.100Г,1.0,г,100.0,1.7,1.7
sosedi,Check-000010.html,2026-05-03 11:34:10,ДЕТ.ПИТ.ПЮРЕ БАМБОЛИНА ПЕРСИК/ЯБЛ.100Г,1.0,г,100.0,1.7,1.7
sosedi,Check-000010.html,2026-05-03 11:34:10,ДЕТ.ПИТ.ПЮРЕ БАМБОЛИНА ПЕРСИК/ЯБЛ.100Г,1.0,г,100.0,1.7,1.7
sosedi,Check-000010.html,2026-05-03 11:34:10,[М] МОРОЖЕНОЕ СУЛТАН ФИСТАШКА ЭСКИМО 80Г,1.0,г,80.0,1.7,1.7
sosedi,Check-000010.html,2026-05-03 11:34:10,[М] ЙОГУРТ ГРЕЧ.ТЕОС 2% МАНГО-ЧИА 140Г,1.0,г,140.0,1.57,1.57
sosedi,Check-000010.html,2026-05-03 11:34:10,[М] ЙОГУРТ ГРЕЧ.ТЕОС 2% МАНГО-ЧИА 140Г,1.0,г,140.0,1.57,1.57
sosedi,Check-000010.html,2026-05-03 11:34:10,[М] ЙОГУРТ ГРЕЧ.ТЕОС 2% ЗЛАК/КЛ.ЛЬНА 140Г,1.0,г,140.0,1.57,1.57
sosedi,Check-000010.html,2026-05-03 11:34:10,[М] ЙОГУРТ ГРЕЧ.ТЕОС 2% ЗЛАК/КЛ.ЛЬНА 140Г,1.0,г,140.0,1.57,1.57
sosedi,Check-000010.html,2026-05-03 11:34:10,[М] ЙОГУРТ ГРЕЧ.ТЕОС 2% ЗЛАК/КЛ.ЛЬНА 140Г,1.0,г,140.0,1.57,1.57
sosedi,Check-000010.html,2026-05-03 11:34:10,[М] МОРОЖЕНОЕ БЕЛЫЙ ПОЛЮС КЛАССИЧЕСКИЙ 70Г,1.0,г,70.0,1.45,1.45
sosedi,Check-000010.html,2026-05-03 11:34:10,[М] МОРОЖЕНОЕ БЕЛЫЙ ПОЛЮС КЛАССИЧЕСКИЙ 70Г,1.0,г,70.0,1.45,1.45
sosedi,Check-000010.html,2026-05-03 11:34:10,[М] МОРОЖЕНОЕ БЕЛЫЙ ПОЛЮС КЛАССИЧЕСКИЙ 70Г,1.0,г,70.0,1.45,1.45
sosedi,Check-000010.html,2026-05-03 11:34:10,БАТОН ГОРОДСКОЙ НАР.ПАК 225Г,1.0,г,225.0,1.22,1.22
sosedi,Check-000010.html,2026-05-03 11:34:10,СЫРОК ГЛ.МОЛОЧНАЯ СТРАНА 23% ВАН.45Г,1.0,г,45.0,0.99,0.99
sosedi,Check-000010.html,2026-05-03 11:34:10,ПАКЕТ МАЙКА БАМБОЛЕЙЛО БОЛЬШОЙ,1.0,,,0.59,0.59
sosedi,Check-000011.html,2026-04-28 12:04:50,Сыр плавленый 55% 180г,2.0,г,180.0,2.95,5.9
sosedi,Check-000011.html,2026-04-28 12:04:50,[М] СЫР БРЕСТ-ЛИТОВСК МААСДАМ 45% ФАС.200Г,1.0,г,200.0,5.44,5.44
sosedi,Check-000011.html,2026-04-28 12:04:50,[М] СЫР БРЕСТ-ЛИТОВСК МААСДАМ 45% ФАС.200Г,1.0,г,200.0,5.44,5.44
sosedi,Check-000011.html,2026-04-28 12:04:50,Сок яблочный 1л,1.332,л,1.0,3.99,5.31
sosedi,Check-000011.html,2026-04-28 12:04:50,Мыло туалетное 100г,3.0,г,100.0,1.19,3.57
sosedi,Check-000011.html,2026-04-28 12:04:50,ВАФЛИ ВЕСЕЛАЯ ТЕЛОЧКА ШОК/МОЛОЧНЫЕ 150Г,1.0,г,150.0,2.99,2.99
sosedi,Check-000011.html,2026-04-28 12:04:50,[М] МОРОЖЕНОЕ СТОЛИЧНОЕ ЭЛИТ ЭСКИМО 80Г,1.0,г,80.0,2.77,2.77
sosedi,Check-000011.html,2026-04-28 12:04:50,ВАФЛИ ВЕСЕЛАЯ ТЕЛОЧКА СЛИВОЧНЫЕ 150Г,1.0,г,150.0,2.69,2.69
sosedi,Check-000011.html,2026-04-28 12:04:50,[М] МОЛОКО УЛЬТР.МИН.МАРКА 3.2% ПЭТ 0.9Л,1.0,л,0.9,2.38,2.38
sosedi,Check-000011.html,2026-04-28 12:04:50,[М] МОЛОКО УЛЬТР.СЛАВ.ТРАДИЦИИ 3.2% ПЭТ 0.9Л,1.0,л,0.9,2.38,2.38
sosedi,Check-000011.html,2026-04-28 12:04:50,[М] МОЛОКО УЛЬТР.СЛАВ.ТРАДИЦИИ 3.2% ПЭТ 0.9Л,1.0,л,0.9,2.38,2.38
sosedi,Check-000011.html,2026-04-28 12:04:50,[М] МОРОЖЕНОЕ КАПРИЗ ШОКОЛАД НА ПЕЧЕНЬЕ 90Г,1.0,г,90.0,2.19,2.19
sosedi,Check-000011.html,2026-04-28 12:04:50,[М] МОРОЖЕНОЕ КАПРИЗ ШОКОЛАД НА ПЕЧЕНЬЕ 90Г,1.0,г,90.0,2.19,2.19
sosedi,Check-000011.html,2026-04-28 12:04:50,[М] МОРОЖЕНОЕ КАПРИЗ ШОКОЛАД НА ПЕЧЕНЬЕ 90Г,1.0,г,90.0,2.19,2.19
sosedi,Check-000011.html,2026-04-28 12:04:50,[М] ЙОГУРТ ЗВОНКА 2% АНАНАС-МАНГО 310Г,1.0,г,310.0,1.95,1.95
sosedi,Check-000011.html,2026-04-28 12:04:50,[М] ЙОГУРТ ЗВОНКА 2% АНАНАС-МАНГО 310Г,1.0,г,310.0,1.95,1.95
sosedi,Check-000011.html,2026-04-28 12:04:50,[М] МОРОЖЕНОЕ БР-ЛИТ.ПЛОМБ.СТ.ВАН.75Г,1.0,г,75.0,1.93,1.93
sosedi,Check-000011.html,2026-04-28 12:04:50,[М] МОРОЖЕНОЕ СУЛТАН ФИСТАШКА ЭСКИМО 80Г,1.0,г,80.0,1.7,1.7
sosedi,Check-000011.html,2026-04-28 12:04:50,[М] ЙОГУРТ ГРЕЧ.ТЕОС 2% ЗЛАК/КЛ.ЛЬНА 140Г,1.0,г,140.0,1.57,1.57
sosedi,Check-000011.html,2026-04-28 12:04:50,[М] ЙОГУРТ ГРЕЧ.ТЕОС 2% ЗЛАК/КЛ.ЛЬНА 140Г,1.0,г,140.0,1.57,1.57
sosedi,Check-000011.html,2026-04-28 12:04:50,[М] ЙОГУРТ ГРЕЧ.ТЕОС 2% ЗЛАК/КЛ.ЛЬНА 140Г,1.0,г,140.0,1.57,1.57
sosedi,Check-000011.html,2026-04-28 12:04:50,[М] ЙОГУРТ ГРЕЧ.ТЕОС 2% ЗЛАК/КЛ.ЛЬНА 140Г,1.0,г,140.0,1.57,1.57
sosedi,Check-000011.html,2026-04-28 12:04:50,[М] ЙОГУРТ ГРЕЧ.ТЕОС 2% ЗЛАК/КЛ.ЛЬНА 140Г,1.0,г,140.0,1.57,1.57
sosedi,Check-000012.html,2026-04-27 19:58:27,НАПИТОК К/М ЭКСПОН.БЕЗЛ.АНАН/КОК.500Г,1.0,г,500.0,4.79,4.79
sosedi,Check-000012.html,2026-04-27 19:58:27,Вода газированная 1.5л,2.416,л,1.5,1.69,4.08
sosedi,Check-000012.html,2026-04-27 19:58:27,МАК.ИЗД.ПАСТА ЗАРА ВЕРМИШЕЛЬ 500Г,1.0,г,500.0,4.04,4.04
sosedi,Check-000012.html,2026-04-27 19:58:27,ЯЙЦО КУР.СУСЕДСКИ МАЕНТАК ЦВ.С-1 10ШТ,1.0,шт,10.0,3.69,3.69
sosedi,Check-000012.html,2026-04-27 19:58:27,ЯЙЦО КУР.СУСЕДСКИ МАЕНТАК ЦВ.С-1 10ШТ,1.0,шт,10.0,3.69,3.69
sosedi,Check-000012.html,2026-04-27 19:58:27,[М] НАПИТОК К/М ЭКСПОН.НОРМ ПРО КЛУБН.500Г,1.0,г,500.0,3.29,3.29
sosedi,Check-000012.html,2026-04-27 19:58:27,[М] НАПИТОК К/М ЭКСПОН.НОРМ ПРО КЛУБН.500Г,1.0,г,500.0,3.29,3.29
sosedi,Check-000012.html,2026-04-27 19:58:27,[М] НАПИТОК К/М ЭКСПОН.НОРМ ПРО КЛУБН.500Г,1.0,г,500.0,3.29,3.29
sosedi,Check-000012.html,2026-04-27 19:58:27,Соль морская 1кг,0.631,кг,1.0,4.39,2.77
sosedi,Check-000012.html,2026-04-27 19:58:27,[М] МОЛОКО УЛЬТР.СЛАВ.ТРАДИЦИИ 3.2% ПЭТ 0.9Л,1.0,л,0.9,2.38,2.38
sosedi,Check-000012.html,2026-04-27 19:58:27,[М] МОЛОКО УЛЬТР.СЛАВ.ТРАДИЦИИ 3.2% ПЭТ 0.9Л,1.0,л,0.9,2.38,2.38
sosedi,Check-000012.html,2026-04-27 19:58:27,[М] МОЛОКО УЛЬТР.СЛАВ.ТРАДИЦИИ 3.2% ПЭТ 0.9Л,1.0,л,0.9,2.38,2.38
sosedi,Check-000012.html,2026-04-27 19:58:27,ХЛЕБ ТОСТОВЫЙ КЛАССИЧЕСКИЙ XXL 500Г,1.0,г,500.0,2.29,2.29
sosedi,Check-000012.html,2026-04-27 19:58:27,[М] ЙОГУРТ ГРЕЧ.ТЕОС 2% МАНГО-ЧИА 140Г,1.0,г,140.0,1.57,1.57
sosedi,Check-000012.html,2026-04-27 19:58:27,[М] ЙОГУРТ ГРЕЧ.ТЕОС 2% МАНГО-ЧИА 140Г,1.0,г,140.0,1.57,1.57
sosedi,Check-000012.html,2026-04-27 19:58:27,ПАКЕТ МАЙКА СОСЕДИ БОЛЬШОЙ,1.0,,,0.59,0.59
sosedi,Check-000013.html,2026-04-23 11:38:35,СЫРОК ГЛ.КЛЕЦКАЯ КРЫНКА 26% ВАНИЛЬ 45Г,8.0,г,45.0,1.09,8.72
sosedi,Check-000013.html,2026-04-23 11:38:35,[М] СЫР БРЕСТ-ЛИТОВСК МААСДАМ 45% ФАС.200Г,1.0,г,200.0,5.44,5.44
sosedi,Check-000013.html,2026-04-23 11:38:35,[М] СЫР БРЕСТ-ЛИТОВСК МААСДАМ 45% ФАС.200Г,1.0,г,200.0,5.44,5.44
sosedi,Check-000013.html,2026-04-23 11:38:35,[М] СЫР БРЕСТ-ЛИТОВСК МААСДАМ 45% ФАС.200Г,1.0,г,200.0,5.44,5.44
sosedi,Check-000013.html,2026-04-23 11:38:35,ПЕЧЕНЬЕ СЛОДЫЧ МАРИЭРТА 430Г,1.0,г,430.0,5.41,5.41
sosedi,Check-000013.html,2026-04-23 11:38:35,[М] МАСЛО СЛ/СЛ.СЛАВЯНСКИЕ ТРАДИЦ.82.5% 180Г,1.0,г,180.0,5.16,5.16
sosedi,Check-000013.html,2026-04-23 11:38:35,[М] МАСЛО СЛ/СЛ.СЛАВЯНСКИЕ ТРАДИЦ.82.5% 180Г,1.0,г,180.0,5.16,5.16
sosedi,Check-000013.html,2026-04-23 11:38:35,[М] СЫР П/ТВ.БРЕСТ-ЛИТОВСК КЛАСС.45% ФАС.200,1.0,,,4.86,4.86
sosedi,Check-000013.html,2026-04-23 11:38:35,НАПИТОК К/М ЭКСП.ХАЙ ПРО КЛУБ/ЗЕМЛ.250Г,1.0,г,250.0,4.79,4.79
sosedi,Check-000013.html,2026-04-23 11:38:35,[М] НАПИТОК К/М ЭКСП.ХАЙ ПРО КЛУБ/АРБ.250Г,1.0,г,250.0,4.49,4.49
sosedi,Check-000013.html,2026-04-23 11:38:35,НАПИТОК К/М ЭКСП.ХАЙ ПРО МАНГО/КОК.250Г,1.0,г,250.0,4.49,4.49
sosedi,Check-000013.html,2026-04-23 11:38:35,НАПИТОК К/М ЭКСП.ХАЙ ПРО МАНГО/КОК.250Г,1.0,г,250.0,4.49,4.49
sosedi,Check-000013.html,2026-04-23 11:38:35,[М] МАСЛО СЛ/СЛ.БРЕСТ ЛИТОВСК 72.5% 180Г,1.0,г,180.0,4.45,4.45
sosedi,Check-000013.html,2026-04-23 11:38:35,Яблоко Голден 1кг,0.95,кг,1.0,4.59,4.36
sosedi,Check-000013.html,2026-04-23 11:38:35,[М] СМЕТАНА МИНСКАЯ МАРКА 25% ПЛ.400Г,1.0,г,400.0,3.93,3.93
sosedi,Check-000013.html,2026-04-23 11:38:35,ЯЙЦО КУР.ОМЕГГА3 С-2 ФАС.10ШТ,1.0,,,3.48,3.48
sosedi,Check-000013.html,2026-04-23 11:38:35,ЯЙЦО КУР.ОМЕГГА3 С-2 ФАС.10ШТ,1.0,,,3.48,3.48
sosedi,Check-000013.html,2026-04-23 11:38:35,[М] МОЛОКО ОТБОРНОЕ 3.4-6% ПЭТ 0.93Л,1.0,л,0.93,2.88,2.88
sosedi,Check-000013.html,2026-04-23 11:38:35,[М] МОЛОКО ОТБОРНОЕ 3.4-6% ПЭТ 0.93Л,1.0,л,0.93,2.88,2.88
sosedi,Check-000013.html,2026-04-23 11:38:35,[М] МОЛОКО ОТБОРНОЕ 3.4-6% ПЭТ 0.93Л,1.0,л,0.93,2.88,2.88
sosedi,Check-000013.html,2026-04-23 11:38:35,БАТОН ДЛЯ ВАШЕЙ СЕМЬИ В/С УПАК.НАР.500Г,1.0,г,500.0,1.98,1.98
sosedi,Check-000013.html,2026-04-23 11:38:35,[М] ЙОГУРТ ГРЕЧ.ТЕОС 2% МАНГО-ЧИА 140Г,1.0,г,140.0,1.57,1.57
sosedi,Check-000013.html,2026-04-23 11:38:35,[М] ЙОГУРТ ГРЕЧ.ТЕОС 2% МАНГО-ЧИА 140Г,1.0,г,140.0,1.57,1.57
sosedi,Check-000013.html,2026-04-23 11:38:35,ПАКЕТ МАЙКА СОСЕДИ МАЛЫЙ БИОРАЗЛАГАЕМЫЙ,1.0,,,0.59,0.59
sosedi,Check-000014.html,2026-04-20 18:57:28,Уксус столовый 0.5л,2.802,л,0.5,1.89,5.3
sosedi,Check-000014.html,2026-04-20 18:57:28,[М] НАПИТОК К/М ЭКСП.ХАЙ ПРО ЧЕРН/ЗЕМЛ.250Г,1.0,г,250.0,4.49,4.49
sosedi,Check-000014.html,2026-04-20 18:57:28,[М] НАПИТОК К/М ЭКСП.ХАЙ ПРО ЧЕРН/ЗЕМЛ.250Г,1.0,г,250.0,4.49,4.49
sosedi,Check-000014.html,2026-04-20 18:57:28,[М] МОРОЖЕНОЕ СОЛЕТТО ВАН/ШОК/МИНД.ЭСК.75Г,1.0,г,75.0,3.47,3.47
sosedi,Check-000014.html,2026-04-20 18:57:28,[М] МОРОЖЕНОЕ СОЛЕТТО ВАН/ШОК/МИНД.ЭСК.75Г,1.0,г,75.0,3.47,3.47
sosedi,Check-000014.html,2026-04-20 18:57:28,[М] МОЛОКО ОТБОРНОЕ 3.4-6% ПЭТ 0.93Л,1.0,л,0.93,2.88,2.88
sosedi,Check-000014.html,2026-04-20 18:57:28,[М] МОЛОКО ОТБОРНОЕ 3.4-6% ПЭТ 0.93Л,1.0,л,0.93,2.88,2.88
sosedi,Check-000014.html,2026-04-20 18:57:28,[М] МОРОЖЕНОЕ КАПРИЗ ШОКОЛАД НА ПЕЧЕНЬЕ 90Г,1.0,г,90.0,2.19,2.19
sosedi,Check-000014.html,2026-04-20 18:57:28,[М] МОРОЖЕНОЕ 28 КОПЕЕК ШОКОЛ.В ГЛАЗУРИ 70Г,1.0,,,2.05,2.05
sosedi,Check-000014.html,2026-04-20 18:57:28,БАТОН ДЛЯ ВАШЕЙ СЕМЬИ В/С УПАК.НАР.500Г,1.0,г,500.0,1.98,1.98
sosedi,Check-000014.html,2026-04-20 18:57:28,[М] ЙОГУРТ ЗВОНКА 2% АНАНАС-МАНГО 310Г,1.0,г,310.0,1.95,1.95
sosedi,Check-000014.html,2026-04-20 18:57:28,[М] МОРОЖЕНОЕ БР-ЛИТ.ПЛОМБ.СТ.ВАН.75Г,1.0,г,75.0,1.93,1.93
sosedi,Check-000014.html,2026-04-20 18:57:28,[М] МОРОЖЕНОЕ БР-ЛИТ.ПЛОМБ.СТ.ВАН.75Г,1.0,г,75.0,1.93,1.93
sosedi,Check-000014.html,2026-04-20 18:57:28,[М] ЙОГУРТ ГРЕЧ.ТЕОС 2% МАНГО-ЧИА 140Г,1.0,г,140.0,1.57,1.57
sosedi,Check-000014.html,2026-04-20 18:57:28,[М] ЙОГУРТ ГРЕЧ.ТЕОС 2% МАНГО-ЧИА 140Г,1.0,г,140.0,1.57,1.57
sosedi,Check-000014.html,2026-04-20 18:57:28,[М] ЙОГУРТ ГРЕЧ.ТЕОС 2% МАНГО-ЧИА 140Г,1.0,г,140.0,1.57,1.57
sosedi,Check-000014.html,2026-04-20 18:57:28,ЖЕЛЕ БЕЛЛАКТ АНАНАС 150Г,1.0,г,150.0,1.18,1.18
sosedi,Check-000014.html,2026-04-20 18:57:28,[М] ЖЕЛЕ МОЛ/СЫВОР.ЙОГУРУ КЛУБНИКА 150Г,1.0,г,150.0,1.12,1.12
sosedi,Check-000014.html,2026-04-20 18:57:28,[М] ЖЕЛЕ МОЛ/СЫВОР.ЙОГУРУ КЛУБНИКА 150Г,1.0,г,150.0,1.12,1.12
sosedi,Check-000015.html,2026-04-14 09:18:55,[М] СЫР БРЕСТ-ЛИТОВСК МААСДАМ 45% ФАС.200Г,1.0,г,200.0,5.44,5.44
sosedi,Check-000015.html,2026-04-14 09:18:55,[М] СЫР БРЕСТ-ЛИТОВСК МААСДАМ 45% ФАС.200Г,1.0,г,200.0,5.44,5.44
sosedi,Check-000015.html,2026-04-14 09:18:55,[М] СЫР БРЕСТ-ЛИТОВСК МААСДАМ 45% ФАС.200Г,1.0,г,200.0,5.44,5.44
sosedi,Check-000015.html,2026-04-14 09:18:55,[М] СЫР БРЕСТ-ЛИТОВСК МААСДАМ 45% ФАС.200Г,1.0,г,200.0,5.44,5.44
sosedi,Check-000015.html,2026-04-14 09:18:55,[М] СЫР БРЕСТ-ЛИТОВСК МААСДАМ 45% ФАС.200Г,1.0,г,200.0,5.44,5.44
sosedi,Check-000015.html,2026-04-14 09:18:55,[М] НАПИТОК К/М ЭКСП.ХАЙ ПРО КЛУБ/АРБ.250Г,1.0,г,250.0,4.49,4.49
sosedi,Check-000015.html,2026-04-14 09:18:55,[М] НАПИТОК К/М ЭКСП.ХАЙ ПРО МАЛ/БАН.250Г,1.0,г,250.0,4.49,4.49
sosedi,Check-000015.html,2026-04-14 09:18:55,[М] НАПИТОК К/М ЭКСП.ХАЙ ПРО МАЛ/БАН.250Г,1.0,г,250.0,4.49,4.49
sosedi,Check-000015.html,2026-04-14 09:18:55,СЫРОК ГЛ.МОЛОЧНАЯ СТРАНА 23% ВАН.45Г,4.0,г,45.0,0.99,3.96
sosedi,Check-000015.html,2026-04-14 09:18:55,[М] МАСЛО СЛ/СЛ.БРЕСТ ЛИТОВСК 82.5% 120Г,1.0,г,120.0,3.61,3.61
sosedi,Check-000015.html,2026-04-14 09:18:55,[М] МАСЛО СЛ/СЛ.БРЕСТ ЛИТОВСК 82.5% 120Г,1.0,г,120.0,3.61,3.61
sosedi,Check-000015.html,2026-04-14 09:18:55,[М] МАСЛО СЛ/СЛ.БРЕСТ ЛИТОВСК 82.5% 120Г,1.0,г,120.0,3.61,3.61
sosedi,Check-000015.html,2026-04-14 09:18:55,[М] МОЛОКО УЛЬТР.СЛАВ.ТРАДИЦИИ 2.5% ПЭТ 0.9Л,1.0,л,0.9,2.2,2.2
sosedi,Check-000015.html,2026-04-14 09:18:55,[М] МОЛОКО УЛЬТР.СЛАВ.ТРАДИЦИИ 2.5% ПЭТ 0.9Л,1.0,л,0.9,2.2,2.2
sosedi,Check-000015.html,2026-04-14 09:18:55,БАТОН ДЛЯ ВАШЕЙ СЕМЬИ В/С УПАК.НАР.500Г,1.0,г,500.0,1.98,1.98
sosedi,Check-000015.html,2026-04-14 09:18:55,[М] ЙОГУРТ ЗВОНКА 2% ПЕРСИК/МАРАКУЙЯ 310Г,1.0,г,310.0,1.95,1.95
sosedi,Check-000015.html,2026-04-14 09:18:55,[М] ЙОГУРТ ЗВОНКА 2% ПЕРСИК/МАРАКУЙЯ 310Г,1.0,г,310.0,1.95,1.95
sosedi,Check-000015.html,2026-04-14 09:18:55,ЯБЛОКО ПРИНЦ 1КГ,0.456,,1.0,3.62,1.65
sosedi,Check-000015.html,2026-04-14 09:18:55,СЫРОК ГЛ.МОЛОЧНАЯ СТРАНА 23% КАКАО 45Г,1.0,г,45.0,0.99,0.99
sosedi,Check-000015.html,2026-04-14 09:18:55,СЫРОК ГЛ.МОЛОЧНАЯ СТРАНА 23% ВАН.45Г,1.0,г,45.0,0.99,0.99
sosedi,Check-000015.html,2026-04-14 09:18:55,СЫРОК ГЛ.МОЛОЧНАЯ СТРАНА 23% КАКАО 45Г,1.0,г,45.0,0.99,0.99
sosedi,Check-000015.html,2026-04-14 09:18:55,СЫРОК ГЛ.МОЛОЧНАЯ СТРАНА 23% ВАН.45Г,1.0,г,45.0,0.99,0.99
sosedi,Check-000015.html,2026-04-14 09:18:55,СЫРОК ГЛ.МОЛОЧНАЯ СТРАНА 23% КАКАО 45Г,1.0,г,45.0,0.99,0.99
sosedi,Check-000015.html,2026-04-14 09:18:55,СЫРОК ГЛ.МОЛОЧНАЯ СТРАНА 23% КАКАО 45Г,1.0,г,45.0,0.99,0.99
sosedi,Check-000015.html,2026-04-14 09:18:55,СЫРОК ГЛ.МОЛОЧНАЯ СТРАНА 23% ВАН.45Г,1.0,г,45.0,0.99,0.99
sosedi,Check-000015.html,2026-04-14 09:18:55,СЫРОК ГЛ.МОЛОЧНАЯ СТРАНА 18% КАРТОШ.45Г,1.0,г,45.0,0.92,0.92
sosedi,Check-000015.html,2026-04-14 09:18:55,СЫРОК ГЛ.МОЛОЧНАЯ СТРАНА 18% КАРТОШ.45Г,1.0,г,45.0,0.92,0.92
sosedi,Check-000015.html,2026-04-14 09:18:55,СЫРОК ГЛ.МОЛОЧНАЯ СТРАНА 18% КАРТОШ.45Г,1.0,г,45.0,0.92,0.92
sosedi,Check-000015.html,2026-04-14 09:18:55,СЫРОК ГЛ.МОЛОЧНАЯ СТРАНА 18% КАРТОШ.45Г,1.0,г,45.0,0.92,0.92
sosedi,Check-000015.html,2026-04-14 09:18:55,Соль поваренная 1кг,0.888,кг,1.0,0.99,0.88
sosedi,Check-000015.html,2026-04-14 09:18:55,ПАКЕТ МАЙКА СОСЕДИ БОЛЬШОЙ,1.0,,,0.59,0.59
sosedi,Check-000016.html,2026-04-10 09:50:23,РЫБА ФОРЕЛЬ Д.МАРЕ ФИЛЕ-КУС.СОЛ.В/У 200Г,1.0,г,200.0,12.99,12.99
sosedi,Check-000016.html,2026-04-10 09:50:23,Шоколад молочный 100г,3.0,г,100.0,3.99,11.97
sosedi,Check-000016.html,2026-04-10 09:50:23,ВИНО КАГОР АМБАС.КР.П/СЛ.1Л,1.0,л,1.0,9.99,9.99
sosedi,Check-000016.html,2026-04-10 09:50:23,Творожок детский 100г,5.0,г,100.0,1.06,5.3
sosedi,Check-000016.html,2026-04-10 09:50:23,Печенье песочное 200г,3.0,г,200.0,1.75,5.25
sosedi,Check-000016.html,2026-04-10 09:50:23,[М] МАСЛО СЛ/СЛ.СЛАВЯНСКИЕ ТРАДИЦ.82.5% 180Г,1.0,г,180.0,5.16,5.16
sosedi,Check-000016.html,2026-04-10 09:50:23,[М] МАСЛО СЛ/СЛ.СЛАВЯНСКИЕ ТРАДИЦ.82.5% 180Г,1.0,г,180.0,5.16,5.16
sosedi,Check-000016.html,2026-04-10 09:50:23,[М] МАСЛО СЛ/СЛ.СЛАВЯНСКИЕ ТРАДИЦ.82.5% 180Г,1.0,г,180.0,5.16,5.16
sosedi,Check-000016.html,2026-04-10 09:50:23,[М] НАПИТОК К/М ЭКСП.ХАЙ ПРО КЛУБ/АРБ.250Г,1.0,г,250.0,4.49,4.49
sosedi,Check-000016.html,2026-04-10 09:50:23,[М] НАПИТОК К/М ЭКСП.ХАЙ ПРО КЛУБ/АРБ.250Г,1.0,г,250.0,4.49,4.49
sosedi,Check-000016.html,2026-04-10 09:50:23,[М] НАПИТОК К/М ЭКСП.ХАЙ ПРО МАЛ/БАН.250Г,1.0,г,250.0,4.49,4.49
sosedi,Check-000016.html,2026-04-10 09:50:23,СОК МЕЛОГРАНО ГРАНАТОВЫЙ 1Л,1.0,л,1.0,4.39,4.39
sosedi,Check-000016.html,2026-04-10 09:50:23,ТОМАТЫ МАР.СУСЕД.МАЕНТАК КРАСНЫЕ 680Г,1.0,г,680.0,4.39,4.39
sosedi,Check-000016.html,2026-04-10 09:50:23,АВОКАДО 1КГ,0.208,,1.0,13.99,2.91
sosedi,Check-000016.html,2026-04-10 09:50:23,Творог 18% 200г,1.0,г,200.0,2.89,2.89
sosedi,Check-000016.html,2026-04-10 09:50:23,ЛУК РЕПЧАТЫЙ РБ ГЗ 1КГ,1.352,,1.0,1.65,2.23
sosedi,Check-000016.html,2026-04-10 09:50:23,Пряники медовые 200г,1.0,г,200.0,1.99,1.99
sosedi,Check-000016.html,2026-04-10 09:50:23,[М] МОРОЖЕНОЕ КАПРИЗ ШОКОЛАД НА ПЕЧЕНЬЕ 90Г,1.0,г,90.0,1.89,1.89
sosedi,Check-000016.html,2026-04-10 09:50:23,[М] МОРОЖЕНОЕ КАПРИЗ ШОКОЛАД НА ПЕЧЕНЬЕ 90Г,1.0,г,90.0,1.89,1.89
sosedi,Check-000016.html,2026-04-10 09:50:23,[М] МОРОЖЕНОЕ КАПРИЗ ШОКОЛАД НА ПЕЧЕНЬЕ 90Г,1.0,г,90.0,1.89,1.89
sosedi,Check-000016.html,2026-04-10 09:50:23,[М] МОРОЖЕНОЕ ПЛОМБ.НА СЛИВКАХ ВАНИЛЬ 75Г,1.0,г,75.0,1.79,1.79
sosedi,Check-000016.html,2026-04-10 09:50:23,[М] МОРОЖЕНОЕ ПЛОМБ.НА СЛИВКАХ ВАНИЛЬ 75Г,1.0,г,75.0,1.79,1.79
sosedi,Check-000016.html,2026-04-10 09:50:23,[М] МОРОЖЕНОЕ ПЛОМБ.НА СЛИВКАХ ВАНИЛЬ 75Г,1.0,г,75.0,1.79,1.79
sosedi,Check-000016.html,2026-04-10 09:50:23,[М] МОРОЖЕНОЕ ПЛОМБ.НА СЛИВКАХ ВАНИЛЬ 75Г,1.0,г,75.0,1.79,1.79
sosedi,Check-000017.html,2026-04-08 15:05:38,Пюре фруктовое 185г,3.0,г,185.0,1.67,5.01
sosedi,Check-000017.html,2026-04-08 15:05:38,Сыр полутвердый 45% 200г,1.0,г,200.0,4.85,4.85
sosedi,Check-000017.html,2026-04-08 15:05:38,[М] СЫР П/ТВ.БРЕСТ-ЛИТОВСК РОССИЙСК.50% 200Г,1.0,г,200.0,4.63,4.63
sosedi,Check-000017.html,2026-04-08 15:05:38,[М] СЫР П/ТВ.БРЕСТ-ЛИТОВСК МОНАСТ.45% 200Г,1.0,г,200.0,4.63,4.63
sosedi,Check-000017.html,2026-04-08 15:05:38,БАНАН 1КГ,0.754,,1.0,5.8,4.37
sosedi,Check-000017.html,2026-04-08 15:05:38,[М] МАСЛО СЛ/СЛ.НЕСОЛ.82.5% БРУС 180Г,1.0,г,180.0,4.19,4.19
sosedi,Check-000017.html,2026-04-08 15:05:38,[М] МАСЛО СЛ/СЛ.НЕСОЛ.82.5% БРУС 180Г,1.0,г,180.0,4.19,4.19
sosedi,Check-000017.html,2026-04-08 15:05:38,ЯЙЦО КУР.СУСЕДСКИ МАЕНТАК ЦВ.С-1 10ШТ,1.0,шт,10.0,3.69,3.69
sosedi,Check-000017.html,2026-04-08 15:05:38,Сыр плавленый 55% 180г,1.0,г,180.0,2.95,2.95
sosedi,Check-000017.html,2026-04-08 15:05:38,[М] МОЛОКО УЛЬТР.СЛАВ.ТРАДИЦИИ 3.2% ПЭТ 0.9Л,1.0,л,0.9,2.38,2.38
sosedi,Check-000017.html,2026-04-08 15:05:38,[М] МОЛОКО УЛЬТР.СЛАВ.ТРАДИЦИИ 3.2% ПЭТ 0.9Л,1.0,л,0.9,2.38,2.38
sosedi,Check-000017.html,2026-04-08 15:05:38,[М] МОЛОКО УЛЬТР.СЛАВ.ТРАДИЦИИ 3.2% ПЭТ 0.9Л,1.0,л,0.9,2.38,2.38
sosedi,Check-000017.html,2026-04-08 15:05:38,Гречневая крупа 900г,1.0,г,900.0,2.35,2.35
sosedi,Check-000017.html,2026-04-08 15:05:38,ЛИМОН 1КГ 66042,0.236,,1.0,9.24,2.18
sosedi,Check-000017.html,2026-04-08 15:05:38,[М] ЙОГУРТ БЕЛЛАКТ 2.9% БАНАН 380Г,1.0,г,380.0,2.18,2.18
sosedi,Check-000017.html,2026-04-08 15:05:38,[М] ЙОГУРТ БЕЛЛАКТ 2.9% БАНАН 380Г,1.0,г,380.0,2.18,2.18
sosedi,Check-000017.html,2026-04-08 15:05:38,ДЕТ.ПИТ.ПЮРЕ БАМБОЛИНА ФРУКТ.САЛАТ.100Г,1.0,г,100.0,1.73,1.73
sosedi,Check-000017.html,2026-04-08 15:05:38,ДЕТ.ПИТ.ПЮРЕ БАМБОЛИНА ЯБЛОКО 100Г,1.0,г,100.0,1.63,1.63
sosedi,Check-000017.html,2026-04-08 15:05:38,БАТОН СД.СУС.МАЕНТАК НОВ.В/С НАР.УП.450Г,1.0,г,450.0,1.61,1.61
sosedi,Check-000017.html,2026-04-08 15:05:38,Рогалик с маком 100г,1.0,г,100.0,0.89,0.89
sosedi,Check-000017.html,2026-04-08 15:05:38,ПАКЕТ МАЙКА СОСЕДИ БОЛЬШОЙ,1.0,,,0.59,0.59
sosedi,Check-000018.html,2026-03-31 17:21:11,РЫБА ФОРЕЛЬ РАДУЖ.ЗАК.ЭЛИТН.КУС.СОЛ.200Г,1.0,г,200.0,12.99,12.99
sosedi,Check-000018.html,2026-03-31 17:21:11,Лапша яичная 400г,3.0,г,400.0,3.89,11.67
sosedi,Check-000018.html,2026-03-31 17:21:11,Салфетки влажные 64шт,3.0,шт,64.0,3.29,9.87
sosedi,Check-000018.html,2026-03-31 17:21:11,Рис пропаренный 900г,2.0,г,900.0,4.19,8.38
sosedi,Check-000018.html,2026-03-31 17:21:11,Квас 1.5л,2.779,л,1.5,2.99,8.31
sosedi,Check-000018.html,2026-03-31 17:21:11,БАНАН 1КГ,1.236,,1.0,5.79,7.16
sosedi,Check-000018.html,2026-03-31 17:21:11,Творог 9% 200г,3.0,г,200.0,2.37,7.11
sosedi,Check-000018.html,2026-03-31 17:21:11,ИЗД.КУЛ.САЛАТ ЦЕЗАРЬ С КУР.200Г,1.0,г,200.0,6.49,6.49
sosedi,Check-000018.html,2026-03-31 17:21:11,Свинина на кости 1кг,0.37,кг,1.0,15.99,5.92
sosedi,Check-000018.html,2026-03-31 17:21:11,[М] СЫР БРЕСТ-ЛИТОВСК МААСДАМ 45% ФАС.200Г,1.0,г,200.0,5.43,5.43
sosedi,Check-000018.html,2026-03-31 17:21:11,[М] СЫР БРЕСТ-ЛИТОВСК МААСДАМ 45% ФАС.200Г,1.0,г,200.0,5.43,5.43
sosedi,Check-000018.html,2026-03-31 17:21:11,[М] СЫР БРЕСТ-ЛИТОВСК МААСДАМ 45% ФАС.200Г,1.0,г,200.0,5.43,5.43
sosedi,Check-000018.html,2026-03-31 17:21:11,НАПИТОК К/М ЭКСПОН.БЕЗЛ.АНАН/КОК.500Г,1.0,г,500.0,4.79,4.79
sosedi,Check-000018.html,2026-03-31 17:21:11,НАПИТОК К/М ЭКСП.ХАЙ ПРО КЛУБ/ЗЕМЛ.250Г,1.0,г,250.0,4.79,4.79
sosedi,Check-000018.html,2026-03-31 17:21:11,НАПИТОК К/М ЭКСПОН.БЕЗЛ.АНАН/КОК.500Г,1.0,г,500.0,4.79,4.79
sosedi,Check-000018.html,2026-03-31 17:21:11,[М] МАСЛО СЛ/СЛ.БРЕСТ ЛИТОВСК 72.5% 180Г,1.0,г,180.0,4.74,4.74
sosedi,Check-000018.html,2026-03-31 17:21:11,[М] МАСЛО СЛ/СЛ.БРЕСТ ЛИТОВСК 72.5% 180Г,1.0,г,180.0,4.74,4.74
sosedi,Check-000018.html,2026-03-31 17:21:11,[М] НАПИТОК К/М ЭКСП.ХАЙ ПРО КЛУБ/АРБ.250Г,1.0,г,250.0,4.49,4.49
sosedi,Check-000018.html,2026-03-31 17:21:11,ЯЙЦО КУР.СУСЕДСКИ МАЕНТАК ЦВ.С-1 10ШТ,1.0,шт,10.0,3.69,3.69
sosedi,Check-000018.html,2026-03-31 17:21:11,ЯЙЦО КУР.СУСЕДСКИ МАЕНТАК ЦВ.С-1 10ШТ,1.0,шт,10.0,3.69,3.69
sosedi,Check-000018.html,2026-03-31 17:21:11,СПРЕД ХУТОРСКОЙ ДЕРЕВЕН.72% ПЕРГ.180Г,1.0,г,180.0,3.2,3.2
sosedi,Check-000018.html,2026-03-31 17:21:11,СПРЕД ХУТОРСКОЙ ДЕРЕВЕН.72% ПЕРГ.180Г,1.0,г,180.0,3.2,3.2
sosedi,Check-000018.html,2026-03-31 17:21:11,ДЕСЕРТ ТВ.ВЕНСКИЙ ЗАВТР.4% ВИШ/ШОК.150Г,1.0,г,150.0,2.48,2.48
sosedi,Check-000018.html,2026-03-31 17:21:11,ДЕСЕРТ ТВ.ВЕНСКИЙ ЗАВТР.4% ВИШ/ШОК.150Г,1.0,г,150.0,2.48,2.48
sosedi,Check-000018.html,2026-03-31 17:21:11,БАТОН ДЛЯ ВАШЕЙ СЕМЬИ В/С УПАК.НАР.500Г,1.0,г,500.0,1.98,1.98
sosedi,Check-000019.html,2026-03-23 15:51:34,ИЗД.КУЛ.САЛАТ ЦЕЗАРЬ С КУР.200Г,1.0,г,200.0,6.49,6.49
sosedi,Check-000019.html,2026-03-23 15:51:34,КЕТЧУП МАХЕЕВЪ ШАШЛЫЧНЫЙ 500Г,1.0,г,500.0,6.03,6.03
sosedi,Check-000019.html,2026-03-23 15:51:34,БАНАН 1КГ,0.984,,1.0,5.79,5.7
sosedi,Check-000019.html,2026-03-23 15:51:34,[М] СЫР БРЕСТ-ЛИТОВСК МААСДАМ 45% ФАС.200Г,1.0,г,200.0,5.43,5.43
sosedi,Check-000019.html,2026-03-23 15:51:34,[М] МАСЛО СЛ/СЛ.СЛАВЯНСКИЕ ТРАДИЦ.82.5% 180Г,1.0,г,180.0,5.16,5.16
sosedi,Check-000019.html,2026-03-23 15:51:34,БЛИНЧИКИ БАБУШКА АНЯ С ТВОРОГОМ 360Г,1.0,г,360.0,4.29,4.29
sosedi,Check-000019.html,2026-03-23 15:51:34,БЛИНЧИКИ БАБУШКА АНЯ С ТВОРОГОМ 360Г,1.0,г,360.0,4.29,4.29
sosedi,Check-000019.html,2026-03-23 15:51:34,БЛИНЧИКИ БАБУШКА АНЯ С ТВОРОГОМ 360Г,1.0,г,360.0,4.29,4.29
sosedi,Check-000019.html,2026-03-23 15:51:34,ЯЙЦО КУР.СУСЕДСКИ МАЕНТАК ЦВ.С-1 10ШТ,1.0,шт,10.0,3.69,3.69
sosedi,Check-000019.html,2026-03-23 15:51:34,[М] МОЛОКО ЗДРАВУШКА 3.2% ПЭТ 0.93Л,1.0,л,0.93,2.69,2.69
sosedi,Check-000019.html,2026-03-23 15:51:34,БАТОН ДЛЯ ВАШЕЙ СЕМЬИ В/С УПАК.НАР.500Г,1.0,г,500.0,1.98,1.98
sosedi,Check-000019.html,2026-03-23 15:51:34,Печенье песочное 200г,1.0,г,200.0,1.75,1.75
sosedi,Check-000020.html,2026-03-21 11:58:43,Картофель 1кг,1.518,кг,1.0,1.99,3.02
sosedi,Check-000020.html,2026-03-21 11:58:43,СУХАРИ ЛАДУШКИ С ИЗЮМОМ 250Г,1.0,г,250.0,2.25,2.25
sosedi,Check-000020.html,2026-03-21 11:58:43,[М] МОРОЖЕНОЕ КАПРИЗ ФИСТАШКА НА ПЕЧЕНЬЕ 90Г,1.0,г,90.0,2.16,2.16
sosedi,Check-000020.html,2026-03-21 11:58:43,[М] МОРОЖЕНОЕ КАШТАН ШОК.ГЛАЗ.80Г,1.0,г,80.0,2.1,2.1
sosedi,Check-000020.html,2026-03-21 11:58:43,БАТОН ДЛЯ ВАШЕЙ СЕМЬИ В/С УПАК.НАР.500Г,1.0,г,500.0,1.98,1.98
sosedi,Check-000020.html,2026-03-21 11:58:43,СУХАРИ УМН.ВЫБОР С СУШ.ВИНОГР.200Г,1.0,г,200.0,1.89,1.89
sosedi,Check-000020.html,2026-03-21 11:58:43,ДЕТ.ПИТ.ПЮРЕ БАМБОЛИНА ФРУКТ.САЛАТ.100Г,1.0,г,100.0,1.7,1.7
sosedi,Check-000020.html,2026-03-21 11:58:43,[М] МОРОЖЕНОЕ БР-ЛИТ.ПЛОМБ.СТ.ВАН.75Г,1.0,г,75.0,1.54,1.54
sosedi,Check-000020.html,2026-03-21 11:58:43,ПАКЕТ МАЙКА СОСЕДИ МАЛЫЙ БИОРАЗЛАГАЕМЫЙ,1.0,,,0.59,0.59
sosedi,Check-000021.html,2026-03-20 18:07:28,Мандарин 1кг,1.345,кг,1.0,7.27,9.78
sosedi,Check-000021.html,2026-03-20 18:07:28,БАНАН 1КГ,1.328,,1.0,5.69,7.56
sosedi,Check-000021.html,2026-03-20 18:07:28,ИЗД.КУЛ.САЛАТ ЦЕЗАРЬ С КУР.200Г,1.0,г,200.0,6.49,6.49
sosedi,Check-000021.html,2026-03-20 18:07:28,[М] СЫР БРЕСТ-ЛИТОВСК МААСДАМ 45% ФАС.200Г,1.0,г,200.0,5.43,5.43
sosedi,Check-000021.html,2026-03-20 18:07:28,[М] СЫР БРЕСТ-ЛИТОВСК МААСДАМ 45% ФАС.200Г,1.0,г,200.0,5.43,5.43
sosedi,Check-000021.html,2026-03-20 18:07:28,[М] СЫР БРЕСТ-ЛИТОВСК МААСДАМ 45% ФАС.200Г,1.0,г,200.0,5.43,5.43
sosedi,Check-000021.html,2026-03-20 18:07:28,[М] СЫР БРЕСТ-ЛИТОВСК МААСДАМ 45% ФАС.200Г,1.0,г,200.0,5.43,5.43
sosedi,Check-000021.html,2026-03-20 18:07:28,[М] СЫР БРЕСТ-ЛИТОВСК МААСДАМ 45% ФАС.200Г,1.0,г,200.0,5.43,5.43
sosedi,Check-000021.html,2026-03-20 18:07:28,НАПИТОК К/М ЭКСП.ХАЙ ПРО КЛУБ/ЗЕМЛ.250Г,1.0,г,250.0,4.79,4.79
sosedi,Check-000021.html,2026-03-20 18:07:28,НАПИТОК К/М ЭКСП.ХАЙ ПРО КЛУБ/ЗЕМЛ.250Г,1.0,г,250.0,4.79,4.79
sosedi,Check-000021.html,2026-03-20 18:07:28,Колбаса вареная 400г,1.0,г,400.0,4.58,4.58
sosedi,Check-000021.html,2026-03-20 18:07:28,[М] НАПИТОК К/М ЭКСП.ХАЙ ПРО ЧЕРН/ЗЕМЛ.250Г,1.0,г,250.0,4.49,4.49
sosedi,Check-000021.html,2026-03-20 18:07:28,[М] НАПИТОК К/М ЭКСП.ХАЙ ПРО ЧЕРН/ЗЕМЛ.250Г,1.0,г,250.0,4.49,4.49
sosedi,Check-000021.html,2026-03-20 18:07:28,Молоко 1.5% 1л,1.432,л,1.0,2.75,3.94
sosedi,Check-000021.html,2026-03-20 18:07:28,Батон с отрубями 300г,2.0,г,300.0,1.45,2.9
sosedi,Check-000021.html,2026-03-20 18:07:28,Лук репчатый 1кг,1.384,кг,1.0,1.65,2.28
sosedi,Check-000021.html,2026-03-20 18:07:28,[М] ЙОГУРТ БЕЛЛАКТ 2.9% ЧЕРНИКА 380Г,1.0,г,380.0,2.21,2.21
sosedi,Check-000021.html,2026-03-20 18:07:28,[М] ЙОГУРТ БЕЛЛАКТ 2.9% КЛУБНИКА 380Г,1.0,г,380.0,2.21,2.21
sosedi,Check-000021.html,2026-03-20 18:07:28,[М] ЙОГУРТ БЕЛЛАКТ 2.9% БАНАН 380Г,1.0,г,380.0,2.18,2.18
sosedi,Check-000021.html,2026-03-20 18:07:28,[М] ТВОРОГ ТРАДИЦИОННЫЙ 5% 180Г,1.0,г,180.0,1.96,1.96
sosedi,Check-000021.html,2026-03-20 18:07:28,[М] ТВОРОГ ТРАДИЦИОННЫЙ 5% 180Г,1.0,г,180.0,1.96,1.96
sosedi,Check-000021.html,2026-03-20 18:07:28,[М] ТВОРОГ ТРАДИЦИОННЫЙ 5% 180Г,1.0,г,180.0,1.96,1.96
sosedi,Check-000022.html,2026-03-16 10:35:45,Сок апельсиновый 1л,1.847,л,1.0,4.49,8.29
sosedi,Check-000022.html,2026-03-16 10:35:45,ТОМАТ ИМПОРТНЫЙ 1КГ,0.664,,1.0,10.98,7.29
sosedi,Check-000022.html,2026-03-16 10:35:45,[М] МАСЛО СЛ/СЛ.СЛАВЯНСКИЕ ТРАДИЦ.82.5% 180Г,1.0,г,180.0,5.16,5.16
sosedi,Check-000022.html,2026-03-16 10:35:45,[М] МАСЛО СЛ/СЛ.СЛАВЯНСКИЕ ТРАДИЦ.82.5% 180Г,1.0,г,180.0,5.16,5.16
sosedi,Check-000022.html,2026-03-16 10:35:45,[М] МАСЛО СЛ/СЛ.СЛАВЯНСКИЕ ТРАДИЦ.82.5% 180Г,1.0,г,180.0,5.16,5.16
sosedi,Check-000022.html,2026-03-16 10:35:45,КЕТЧУП ХАЙНЦ Д/ГРИЛЯ/ШАШЛЫКА 320Г,1.0,г,320.0,4.59,4.59
sosedi,Check-000022.html,2026-03-16 10:35:45,Сметана 25% 400г,1.0,г,400.0,4.2,4.2
sosedi,Check-000022.html,2026-03-16 10:35:45,Печенье овсяное 200г,2.0,г,200.0,1.89,3.78
sosedi,Check-000022.html,2026-03-16 10:35:45,Соль поваренная 1кг,2.735,кг,1.0,0.99,2.71
sosedi,Check-000022.html,2026-03-16 10:35:45,[М] ЙОГУРТ БЕЛЛАКТ 2.9% ЧЕРНИКА 380Г,1.0,г,380.0,2.21,2.21
sosedi,Check-000022.html,2026-03-16 10:35:45,[М] ЙОГУРТ БЕЛЛАКТ 2.9% КЛУБНИКА 380Г,1.0,г,380.0,2.21,2.21
sosedi,Check-000022.html,2026-03-16 10:35:45,БАТОН ДЛЯ ВАШЕЙ СЕМЬИ В/С УПАК.НАР.500Г,1.0,г,500.0,1.98,1.98
sosedi,Check-000022.html,2026-03-16 10:35:45,Мармелад жевательный 150г,1.0,г,150.0,1.89,1.89
sosedi,Check-000022.html,2026-03-16 10:35:45,[М] ЙОГУРТ ГРЕЧ.ТЕОС 2% ЗЛАК/КЛ.ЛЬНА 140Г,1.0,г,140.0,1.55,1.55
sosedi,Check-000022.html,2026-03-16 10:35:45,[М] ЙОГУРТ ГРЕЧ.ТЕОС 2% ВИШНЯ 140Г,1.0,г,140.0,1.55,1.55
sosedi,Check-000022.html,2026-03-16 10:35:45,[М] ЙОГУРТ ГРЕЧ.ТЕОС 2% ЗЛАК/КЛ.ЛЬНА 140Г,1.0,г,140.0,1.55,1.55
sosedi,Check-000022.html,2026-03-16 10:35:45,[М] ЙОГУРТ ГРЕЧ.ТЕОС 2% ВИШНЯ 140Г,1.0,г,140.0,1.55,1.55
sosedi,Check-000022.html,2026-03-16 10:35:45,[М] ЙОГУРТ ГРЕЧ.ТЕОС 2% ВИШНЯ 140Г,1.0,г,140.0,1.55,1.55
sosedi,Check-000022.html,2026-03-16 10:35:45,[М] ЙОГУРТ ГРЕЧ.ТЕОС 2% ВИШНЯ 140Г,1.0,г,140.0,1.55,1.55
sosedi,Check-000023.html,2026-03-11 11:55:32,СЫРОК ГЛ.МОЛОЧНАЯ СТРАНА 23% КАКАО 45Г,8.0,г,45.0,0.99,7.92
sosedi,Check-000023.html,2026-03-11 11:55:32,[М] СЫР БРЕСТ-ЛИТОВСК МААСДАМ 45% ФАС.200Г,1.0,г,200.0,5.43,5.43
sosedi,Check-000023.html,2026-03-11 11:55:32,[М] СЫР БРЕСТ-ЛИТОВСК МААСДАМ 45% ФАС.200Г,1.0,г,200.0,5.43,5.43
sosedi,Check-000023.html,2026-03-11 11:55:32,[М] СЫР БРЕСТ-ЛИТОВСК МААСДАМ 45% ФАС.200Г,1.0,г,200.0,5.43,5.43
sosedi,Check-000023.html,2026-03-11 11:55:32,НАПИТОК К/М ЭКСП.ХАЙ ПРО КЛУБ/ЗЕМЛ.250Г,1.0,г,250.0,4.79,4.79
sosedi,Check-000023.html,2026-03-11 11:55:32,ЙОГУРТ ГРЕЧ.ТЕОС 2% ВИШНЯ 140Г,3.0,г,140.0,1.55,4.65
sosedi,Check-000023.html,2026-03-11 11:55:32,[М] МАСЛО СЛ/СЛ.СЛАВЯНСКИЕ ТРАДИЦ.72.5% 180Г,1.0,г,180.0,4.6,4.6
sosedi,Check-000023.html,2026-03-11 11:55:32,[М] МАСЛО СЛ/СЛ.СЛАВЯНСКИЕ ТРАДИЦ.72.5% 180Г,1.0,г,180.0,4.6,4.6
sosedi,Check-000023.html,2026-03-11 11:55:32,[М] МАСЛО СЛ/СЛ.СЛАВЯНСКИЕ ТРАДИЦ.72.5% 180Г,1.0,г,180.0,4.6,4.6
sosedi,Check-000023.html,2026-03-11 11:55:32,Хлеб пшеничный 400г,3.0,г,400.0,1.19,3.57
sosedi,Check-000023.html,2026-03-11 11:55:32,[М] МОЛОКО ОТБОРНОЕ 3.4-6% ПЭТ 0.93Л,1.0,л,0.93,2.88,2.88
sosedi,Check-000023.html,2026-03-11 11:55:32,[М] МОЛОКО ОТБОРНОЕ 3.4-6% ПЭТ 0.93Л,1.0,л,0.93,2.88,2.88
sosedi,Check-000023.html,2026-03-11 11:55:32,[М] МОЛОКО ОТБОРНОЕ 3.4-6% ПЭТ 0.93Л,1.0,л,0.93,2.88,2.88
sosedi,Check-000023.html,2026-03-11 11:55:32,[М] МОЛОКО ОТБОРНОЕ 3.4-6% ПЭТ 0.93Л,1.0,л,0.93,2.88,2.88
sosedi,Check-000023.html,2026-03-11 11:55:32,БАТОН ДЛЯ ВАШЕЙ СЕМЬИ В/С УПАК.НАР.500Г,1.0,г,500.0,1.98,1.98
sosedi,Check-000023.html,2026-03-11 11:55:32,ЙОГУРТ ГРЕЧ.ТЕОС 2% ЗЛАК/КЛ.ЛЬНА 140Г,1.0,г,140.0,1.55,1.55
sosedi,Check-000023.html,2026-03-11 11:55:32,ЙОГУРТ ГРЕЧ.ТЕОС 2% ЧЕРНИКА 140Г,1.0,г,140.0,1.55,1.55
sosedi,Check-000023.html,2026-03-11 11:55:32,ЙОГУРТ ГРЕЧ.ТЕОС 2% ЧЕРНИКА 140Г,1.0,г,140.0,1.55,1.55
sosedi,Check-000023.html,2026-03-11 11:55:32,СЫРОК ГЛ.МОЛ.СТРАНА С КОРИЦЕЙ 23% 45Г,1.0,г,45.0,1.12,1.12
sosedi,Check-000023.html,2026-03-11 11:55:32,ПАКЕТ МАЙКА СОСЕДИ БОЛЬШОЙ,1.0,,,0.59,0.59
sosedi,Check-000024.html,2026-03-08 12:02:20,ИЗД.КУЛ.САЛАТ ЦЕЗАРЬ С КУР.200Г,1.0,г,200.0,6.49,6.49
sosedi,Check-000024.html,2026-03-08 12:02:20,НАПИТОК К/М ЭКСПОН.ХАЙ-ПРО ЛИМ.ЧИЗК.250Г,1.0,г,250.0,4.49,4.49
sosedi,Check-000024.html,2026-03-08 12:02:20,НАПИТОК К/М ЭКСПОН.ХАЙ-ПРО ЛИМ.ЧИЗК.250Г,1.0,г,250.0,4.49,4.49
sosedi,Check-000024.html,2026-03-08 12:02:20,[М] НАПИТОК К/М ЭКСП.ХАЙ ПРО КЛУБ/АРБ.250Г,1.0,г,250.0,4.49,4.49
sosedi,Check-000024.html,2026-03-08 12:02:20,[М] НАПИТОК К/М ЭКСП.ХАЙ ПРО КЛУБ/АРБ.250Г,1.0,г,250.0,4.49,4.49
sosedi,Check-000024.html,2026-03-08 12:02:20,БЛИНЧИКИ БАБУШКА АНЯ С ТВОРОГОМ 360Г,1.0,г,360.0,4.29,4.29
sosedi,Check-000024.html,2026-03-08 12:02:20,БЛИНЧИКИ БАБУШКА АНЯ С ТВОРОГОМ 360Г,1.0,г,360.0,4.29,4.29
sosedi,Check-000024.html,2026-03-08 12:02:20,БЛОКНОТ А4 ШАРЫ ВОЗД.В КЛЕТКУ 60Л.,1.0,,,3.99,3.99
sosedi,Check-000024.html,2026-03-08 12:02:20,ЯЙЦО КУР.СУСЕДСКИ МАЕНТАК ЦВ.С-1 10ШТ,1.0,шт,10.0,3.69,3.69
sosedi,Check-000024.html,2026-03-08 12:02:20,ЯЙЦО КУР.СУСЕДСКИ МАЕНТАК ЦВ.С-1 10ШТ,1.0,шт,10.0,3.69,3.69
sosedi,Check-000024.html,2026-03-08 12:02:20,Морс клюквенный 0.5л,1.282,л,0.5,2.49,3.19
sosedi,Check-000024.html,2026-03-08 12:02:20,Сок томатный 1л,0.841,л,1.0,3.49,2.94
sosedi,Check-000024.html,2026-03-08 12:02:20,[М] МОЛОКО УЛЬТР.СЛАВ.ТРАДИЦИИ 3.2% ПЭТ 0.9Л,1.0,л,0.9,2.38,2.38
sosedi,Check-000024.html,2026-03-08 12:02:20,[М] МОЛОКО УЛЬТР.СЛАВ.ТРАДИЦИИ 3.2% ПЭТ 0.9Л,1.0,л,0.9,2.38,2.38
sosedi,Check-000024.html,2026-03-08 12:02:20,[М] МОЛОКО УЛЬТР.СЛАВ.ТРАДИЦИИ 3.2% ПЭТ 0.9Л,1.0,л,0.9,2.38,2.38
sosedi,Check-000024.html,2026-03-08 12:02:20,[М] ЙОГУРТ БЕЛЛАКТ 2.9% КЛУБНИКА 380Г,1.0,г,380.0,2.21,2.21
sosedi,Check-000024.html,2026-03-08 12:02:20,[М] ЙОГУРТ БЕЛЛАКТ 2.9% БАНАН 380Г,1.0,г,380.0,2.18,2.18
sosedi,Check-000024.html,2026-03-08 12:02:20,Свекла 1кг,0.539,кг,1.0,1.75,0.94
sosedi,Check-000024.html,2026-03-08 12:02:20,ПАКЕТ МАЙКА ЛЮБИМКИ БОЛЬШОЙ,1.0,,,0.59,0.59
sosedi,Check-000025.html,2026-03-08 11:44:49,БАНАН 1КГ,0.788,,1.0,5.69,4.48
sosedi,Check-000025.html,2026-03-08 11:44:49,ПАКЕТ МАЙКА ЛЮБИМКИ БОЛЬШОЙ,1.0,,,0.59,0.59
sosedi,Check-000026.html,2026-03-07 15:10:46,П/Ф КОЛБАСКИ БАВАРС.С ТМИН.ФАС.ОХЛ.530Г,1.0,г,530.0,6.99,6.99
sosedi,Check-000026.html,2026-03-07 15:10:46,П/Ф КОЛБ.БАРБЕКЮ ФАС.ОХЛ.530Г ПР.ЦЕХ,1.0,г,530.0,6.99,6.99
sosedi,Check-000026.html,2026-03-07 15:10:46,Хурма 1кг,0.783,кг,1.0,6.99,5.47
sosedi,Check-000026.html,2026-03-07 15:10:46,[М] СЫР БРЕСТ-ЛИТОВСК МААСДАМ 45% ФАС.200Г,1.0,г,200.0,5.41,5.41
sosedi,Check-000026.html,2026-03-07 15:10:46,[М] СЫР БРЕСТ-ЛИТОВСК МААСДАМ 45% ФАС.200Г,1.0,г,200.0,5.41,5.41
sosedi,Check-000026.html,2026-03-07 15:10:46,[М] СЫР БРЕСТ-ЛИТОВСК МААСДАМ 45% ФАС.200Г,1.0,г,200.0,5.41,5.41
sosedi,Check-000026.html,2026-03-07 15:10:46,[М] МАСЛО СЛ/СЛ.СЛАВЯНСКИЕ ТРАДИЦ.72.5% 180Г,1.0,г,180.0,4.6,4.6
sosedi,Check-000026.html,2026-03-07 15:10:46,[М] МАСЛО СЛ/СЛ.СЛАВЯНСКИЕ ТРАДИЦ.72.5% 180Г,1.0,г,180.0,4.6,4.6
sosedi,Check-000026.html,2026-03-07 15:10:46,[М] МАСЛО СЛ/СЛ.СЛАВЯНСКИЕ ТРАДИЦ.72.5% 180Г,1.0,г,180.0,4.6,4.6
sosedi,Check-000026.html,2026-03-07 15:10:46,ЯЙЦО КУР.С1 ЦВ.ЙОДОСЕЛ.КАРТ.10ШТ,1.0,,,4.18,4.18
sosedi,Check-000026.html,2026-03-07 15:10:46,Чай зеленый 50г,1.0,г,50.0,3.99,3.99
sosedi,Check-000026.html,2026-03-07 15:10:46,Вода газированная 1.5л,1.977,л,1.5,1.69,3.34
sosedi,Check-000026.html,2026-03-07 15:10:46,САЛАТ МОРКОВЬ ПО-КОРЕЙС.УМНЫЙ ВЫБОР 380Г,1.0,г,380.0,2.95,2.95
sosedi,Check-000026.html,2026-03-07 15:10:46,Творог 18% 200г,1.0,г,200.0,2.89,2.89
sosedi,Check-000026.html,2026-03-07 15:10:46,[М] МОЛОКО УЛЬТР.СЛАВ.ТРАДИЦИИ 3.2% ПЭТ 0.9Л,1.0,л,0.9,2.38,2.38
sosedi,Check-000026.html,2026-03-07 15:10:46,[М] МОЛОКО УЛЬТР.СЛАВ.ТРАДИЦИИ 3.2% ПЭТ 0.9Л,1.0,л,0.9,2.38,2.38
sosedi,Check-000026.html,2026-03-07 15:10:46,[М] МОЛОКО УЛЬТР.СЛАВ.ТРАДИЦИИ 3.2% ПЭТ 0.9Л,1.0,л,0.9,2.38,2.38
sosedi,Check-000026.html,2026-03-07 15:10:46,[М] ЙОГУРТ БЕЛЛАКТ 2.9% ЧЕРНИКА 380Г,1.0,г,380.0,2.21,2.21
sosedi,Check-000026.html,2026-03-07 15:10:46,[М] ЙОГУРТ БЕЛЛАКТ 2.9% БАНАН 380Г,1.0,г,380.0,2.18,2.18
sosedi,Check-000026.html,2026-03-07 15:10:46,БАТОН ДЛЯ ВАШЕЙ СЕМЬИ В/С УПАК.НАР.500Г,1.0,г,500.0,1.98,1.98
sosedi,Check-000026.html,2026-03-07 15:10:46,ЙОГУРТ ГРЕЧ.ТЕОС 2% ЗЛАК/КЛ.ЛЬНА 140Г,1.0,г,140.0,1.55,1.55
sosedi,Check-000026.html,2026-03-07 15:10:46,ЙОГУРТ ГРЕЧ.ТЕОС 2% ЗЛАК/КЛ.ЛЬНА 140Г,1.0,г,140.0,1.55,1.55
sosedi,Check-000026.html,2026-03-07 15:10:46,ЙОГУРТ ГРЕЧ.ТЕОС 2% ЗЛАК/КЛ.ЛЬНА 140Г,1.0,г,140.0,1.55,1.55
sosedi,Check-000026.html,2026-03-07 15:10:46,ЙОГУРТ ГРЕЧ.ТЕОС 2% ЗЛАК/КЛ.ЛЬНА 140Г,1.0,г,140.0,1.55,1.55
sosedi,Check-000026.html,2026-03-07 15:10:46,ПЕЧЕНЬЕ СЛОДЫЧ БЕЛОРУССКИЕ УЗОРЫ 100Г,1.0,г,100.0,1.14,1.14
sosedi,Check-000026.html,2026-03-07 15:10:46,ПЕЧЕНЬЕ СЛОДЫЧ МАЛИНОВЫЙ 100Г,1.0,г,100.0,1.14,1.14
sosedi,Check-000026.html,2026-03-07 15:10:46,ПЕЧЕНЬЕ СЛОДЫЧ БЕЛОРУССКИЕ УЗОРЫ 100Г,1.0,г,100.0,1.14,1.14
sosedi,Check-000027.html,2026-03-05 11:46:31,[М] СЫР БРЕСТ-ЛИТОВСК МААСДАМ 45% ФАС.200Г,1.0,г,200.0,5.41,5.41
sosedi,Check-000027.html,2026-03-05 11:46:31,[М] СЫР БРЕСТ-ЛИТОВСК МААСДАМ 45% ФАС.200Г,1.0,г,200.0,5.41,5.41
sosedi,Check-000027.html,2026-03-05 11:46:31,[М] СЫР БРЕСТ-ЛИТОВСК МААСДАМ 45% ФАС.200Г,1.0,г,200.0,5.41,5.41
sosedi,Check-000027.html,2026-03-05 11:46:31,НАПИТОК К/М ЭКСПОН.БЕЗЛ.АНАН/КОК.500Г,1.0,г,500.0,4.79,4.79
sosedi,Check-000027.html,2026-03-05 11:46:31,НАПИТОК К/М ЭКСПОН.БЕЗЛ.АНАН/КОК.500Г,1.0,г,500.0,4.79,4.79
sosedi,Check-000027.html,2026-03-05 11:46:31,НАПИТОК К/М ЭКСП.ХАЙ ПРО КЛУБ/ЗЕМЛ.250Г,1.0,г,250.0,4.79,4.79
sosedi,Check-000027.html,2026-03-05 11:46:31,НАПИТОК К/М ЭКСП.ХАЙ ПРО КЛУБ/ЗЕМЛ.250Г,1.0,г,250.0,4.79,4.79
sosedi,Check-000027.html,2026-03-05 11:46:31,НАПИТОК К/М ЭКСПОН.БЕЗЛ.АНАН/КОК.500Г,1.0,г,500.0,4.79,4.79
sosedi,Check-000027.html,2026-03-05 11:46:31,[М] НАПИТОК К/М ЭКСП.ХАЙ ПРО КЛУБ/АРБ.250Г,1.0,г,250.0,4.49,4.49
sosedi,Check-000027.html,2026-03-05 11:46:31,Капуста белокочанная 1кг,2.428,кг,1.0,1.59,3.86
sosedi,Check-000027.html,2026-03-05 11:46:31,Лимонад 0.5л,1.926,л,0.5,1.99,3.83
sosedi,Check-000027.html,2026-03-05 11:46:31,ЯЙЦО КУР.СУСЕДСКИ МАЕНТАК ЦВ.С-1 10ШТ,1.0,шт,10.0,3.69,3.69
sosedi,Check-000027.html,2026-03-05 11:46:31,ЯЙЦО КУР.СУСЕДСКИ МАЕНТАК ЦВ.С-1 10ШТ,1.0,шт,10.0,3.69,3.69
sosedi,Check-000027.html,2026-03-05 11:46:31,ЯЙЦО КУР.СУСЕДСКИ МАЕНТАК ЦВ.С-1 10ШТ,1.0,шт,10.0,3.69,3.69
sosedi,Check-000027.html,2026-03-05 11:46:31,[М] МОЛОКО УЛЬТР.СЛАВ.ТРАДИЦИИ 3.2% ПЭТ 0.9Л,1.0,л,0.9,2.38,2.38
sosedi,Check-000027.html,2026-03-05 11:46:31,[М] МОЛОКО УЛЬТР.СЛАВ.ТРАДИЦИИ 3.2% ПЭТ 0.9Л,1.0,л,0.9,2.38,2.38
sosedi,Check-000027.html,2026-03-05 11:46:31,[М] МОЛОКО УЛЬТР.СЛАВ.ТРАДИЦИИ 3.2% ПЭТ 0.9Л,1.0,л,0.9,2.38,2.38
sosedi,Check-000027.html,2026-03-05 11:46:31,[М] МОРОЖЕНОЕ БЕЛЫЙ ПОЛЮС ПЛОМБИР ШОК.75Г,1.0,г,75.0,2.1,2.1
sosedi,Check-000027.html,2026-03-05 11:46:31,[М] МОРОЖЕНОЕ БЕЛЫЙ ПОЛЮС ПЛОМБИР ШОК.75Г,1.0,г,75.0,2.1,2.1
sosedi,Check-000027.html,2026-03-05 11:46:31,[М] МОРОЖЕНОЕ БЕЛЫЙ ПОЛЮС ПЛОМБИР ШОК.75Г,1.0,г,75.0,2.1,2.1
sosedi,Check-000027.html,2026-03-05 11:46:31,БАТОН ДЛЯ ВАШЕЙ СЕМЬИ В/С УПАК.НАР.500Г,1.0,г,500.0,1.98,1.98
sosedi,Check-000027.html,2026-03-05 11:46:31,[М] МОРОЖЕНОЕ СОЛЕТТО АРОМ.ФИСТ/МАРЦ.75Г,1.0,г,75.0,1.82,1.82
sosedi,Check-000027.html,2026-03-05 11:46:31,[М] МОРОЖЕНОЕ БЕЛЫЙ ПОЛЮС КЛАССИЧЕСКИЙ 70Г,1.0,г,70.0,1.59,1.59
sosedi,Check-000027.html,2026-03-05 11:46:31,[М] МОРОЖЕНОЕ БР-ЛИТ.ПЛОМБ.СТ.ВАН.75Г,1.0,г,75.0,1.54,1.54
sosedi,Check-000028.html,2026-02-23 11:21:19,Грейпфрут красный 1кг,1.464,кг,1.0,7.27,10.64
sosedi,Check-000028.html,2026-02-23 11:21:19,ЯБЛОКО ПРИНЦ 1КГ,2.512,,1.0,3.85,9.67
sosedi,Check-000028.html,2026-02-23 11:21:19,СЫРОК ГЛ.ВЕСЕЛЫЕ ВНУЧАТА 23% КАКАО 45Г,8.0,г,45.0,0.95,7.6
sosedi,Check-000028.html,2026-02-23 11:21:19,СЛОЙКА С ВИШНЕВОЙ НАЧИНКОЙ 80Г,5.0,г,80.0,1.49,7.45
sosedi,Check-000028.html,2026-02-23 11:21:19,Сардельки 390г,1.0,г,390.0,6.73,6.73
sosedi,Check-000028.html,2026-02-23 11:21:19,БАНАН 1КГ,1.164,,1.0,5.49,6.39
sosedi,Check-000028.html,2026-02-23 11:21:19,[М] СЫР БРЕСТ-ЛИТОВСК МААСДАМ 45% ФАС.200Г,1.0,г,200.0,5.41,5.41
sosedi,Check-000028.html,2026-02-23 11:21:19,[М] СЫР БРЕСТ-ЛИТОВСК МААСДАМ 45% ФАС.200Г,1.0,г,200.0,5.41,5.41
sosedi,Check-000028.html,2026-02-23 11:21:19,ПЕЧЕНЬЕ СЛОДЫЧ МАРИЭРТА 430Г,1.0,г,430.0,5.41,5.41
sosedi,Check-000028.html,2026-02-23 11:21:19,[М] СЫР БРЕСТ-ЛИТОВСК МААСДАМ 45% ФАС.200Г,1.0,г,200.0,5.41,5.41
sosedi,Check-000028.html,2026-02-23 11:21:19,ХЛОПЬЯ ЗОЛОТИСТЫЕ 330Г,1.0,г,330.0,4.08,4.08
sosedi,Check-000028.html,2026-02-23 11:21:19,ХЛОПЬЯ ЗОЛОТИСТЫЕ 330Г,1.0,г,330.0,4.08,4.08
sosedi,Check-000028.html,2026-02-23 11:21:19,ЯЙЦО КУР.ОМЕГГА3 С-1 ФАС.10ШТ,1.0,,,3.71,3.71
sosedi,Check-000028.html,2026-02-23 11:21:19,ЯЙЦО КУР.ОМЕГГА3 С-1 ФАС.10ШТ,1.0,,,3.71,3.71
sosedi,Check-000028.html,2026-02-23 11:21:19,[М] МОЛОКО ОТБОРНОЕ 3.4-6% ПЭТ 0.93Л,1.0,л,0.93,2.88,2.88
sosedi,Check-000028.html,2026-02-23 11:21:19,[М] МОЛОКО ОТБОРНОЕ 3.4-6% ПЭТ 0.93Л,1.0,л,0.93,2.88,2.88
sosedi,Check-000028.html,2026-02-23 11:21:19,[М] МОЛОКО ОТБОРНОЕ 3.4-6% ПЭТ 0.93Л,1.0,л,0.93,2.88,2.88
edostavka,Check-000029.pdf,2025-05-16 23:18:19,"Молоко""ЗДРАВУШКА""3.4- 6%(паст,ПЭТ)0.93 л",4.0,л,0.93,2.92,11.68
edostavka,Check-000029.pdf,2025-05-16 23:18:19,Лапша яичная 400г,3.0,г,400.0,3.89,11.67
edostavka,Check-000029.pdf,2025-05-16 23:18:19,"Яйцо куриное (С-1,цв, х10)Оршанская ПФ",3.0,шт,,3.7,11.1
edostavka,Check-000029.pdf,2025-05-16 23:18:19,"Колбаса с/в""ПАРМА""(м/пт,порц,сал)180г",1.0,г,180.0,10.69,10.69
edostavka,Check-000029.pdf,2025-05-16 23:18:19,"Йогурт""TEOS""2%(греческ,черника)250г",3.0,г,250.0,2.64,7.92
edostavka,Check-000029.pdf,2025-05-16 23:18:19,"Салат""АЙСБЕРГ""1кг",0.869,кг,1.0,8.99,7.81
edostavka,Check-000029.pdf,2025-05-16 23:18:19,"Колбаса с/в""ПРАЖСКАЯ""(экс,игаз,мб)180г",1.0,г,180.0,7.35,7.35
edostavka,Check-000029.pdf,2025-05-16 23:18:19,"Йогурт""TEOS""2%(греческ,манг/чиа)140г",4.0,г,140.0,1.65,6.6
edostavka,Check-000029.pdf,2025-05-16 23:18:19,"Йогурт""TEOS""2%(греческ,вишня,стак)140г",4.0,г,140.0,1.65,6.6
edostavka,Check-000029.pdf,2025-05-16 23:18:19,"Сырок тв.гл.""БАБ.КРЫНКА""23%(как/ван)45г",6.0,г,45.0,1.0,6.0
edostavka,Check-000029.pdf,2025-05-16 23:18:19,"Вареники""БАБУШКА АНЯ""(с творогом)430г",1.0,г,430.0,5.15,5.15
edostavka,Check-000029.pdf,2025-05-16 23:18:19,"Мак.изд""PASTA ZARA"" (№80,в/с) 500г",1.0,г,500.0,4.51,4.51
edostavka,Check-000029.pdf,2025-05-16 23:18:19,"Сырок тв.гл.""МОЛ.СТРАНА""23%(ваниль)45г",1.0,г,45.0,1.0,1.0
edostavka,Check-000030.pdf,2025-05-22 23:35:18,"Молоко""ЗДРАВУШКА""3.4- 6%(паст,ПЭТ)0.93 л",4.0,л,0.93,2.92,11.68
edostavka,Check-000030.pdf,2025-05-22 23:35:18,Пастила фруктовая 200г,4.0,г,200.0,2.89,11.56
edostavka,Check-000030.pdf,2025-05-22 23:35:18,"Йогурт""TEOS""2%(греческ,черника)250г",4.0,г,250.0,2.64,10.56
edostavka,Check-000030.pdf,2025-05-22 23:35:18,"Вареники""БАБУШКА АНЯ""(с творогом)430г",2.0,г,430.0,5.15,10.3
edostavka,Check-000030.pdf,2025-05-22 23:35:18,"Молоко""ЗДРАВУШКА""3.2%(стер,ТБА)1л",3.0,л,1.0,3.04,9.12
edostavka,Check-000030.pdf,2025-05-22 23:35:18,Перец оранжевый 1кг,0.745,кг,1.0,10.43,7.77
edostavka,Check-000030.pdf,2025-05-22 23:35:18,Творог зерненый 5% 200г,3.0,г,200.0,2.55,7.65
edostavka,Check-000030.pdf,2025-05-22 23:35:18,"Колбаса с/в""МИЛ.ЭКСТ""(экс,игаз,мб)180г",1.0,г,180.0,7.59,7.59
edostavka,Check-000030.pdf,2025-05-22 23:35:18,Редис красный (Беларусь)1кг,1.082,кг,1.0,6.99,7.56
edostavka,Check-000030.pdf,2025-05-22 23:35:18,"Колбаса с/в""БИРОБИДЖАН""(экс,игаз,мб)180г",1.0,г,180.0,7.55,7.55
edostavka,Check-000030.pdf,2025-05-22 23:35:18,"Колбаса с/в""ПРАЖСКАЯ""(экс,игаз,мб)180г",1.0,г,180.0,7.45,7.45
edostavka,Check-000030.pdf,2025-05-22 23:35:18,"Колбаса вар.""С ТЕЛЯТИНОЙ""(в/с,мс,мб)650г",1.0,г,650.0,7.38,7.38
edostavka,Check-000030.pdf,2025-05-22 23:35:18,Томат сливка (Беларусь)1кг,0.959,кг,1.0,6.97,6.68
edostavka,Check-000030.pdf,2025-05-22 23:35:18,"Йогурт""TEOS""2%(греческ,манг/чиа)140г",4.0,г,140.0,1.65,6.6
edostavka,Check-000030.pdf,2025-05-22 23:35:18,"Йогурт""TEOS""2%(греческ,вишня,стак)140г",4.0,г,140.0,1.65,6.6
edostavka,Check-000030.pdf,2025-05-22 23:35:18,Ряженка 4% 0.93л,2.152,л,0.93,2.85,6.13
edostavka,Check-000030.pdf,2025-05-22 23:35:18,Томат (Беларусь)1кг,0.956,кг,1.0,6.29,6.01
edostavka,Check-000030.pdf,2025-05-22 23:35:18,"Колбаса вар.""МОРТАДЕЛЛА""(в/с,мб)400г",1.0,г,400.0,4.6,4.6
edostavka,Check-000030.pdf,2025-05-22 23:35:18,"Мак.изд""PASTA ZARA"" (№80,в/с) 500г",1.0,г,500.0,4.53,4.53
edostavka,Check-000030.pdf,2025-05-22 23:35:18,"Сырок тв.гл.""МОЛ.СТРАНА""23%(ваниль)45г",4.0,г,45.0,1.0,4.0
edostavka,Check-000030.pdf,2025-05-22 23:35:18,Батон нарезной 240г,3.0,г,240.0,1.21,3.63
edostavka,Check-000030.pdf,2025-05-22 23:35:18,"Соль""ЭКОЛАЙН""(морская new,помол №1)1кг",1.0,кг,1.0,3.05,3.05
edostavka,Check-000030.pdf,2025-05-22 23:35:18,"Дрожжи сухие""ИЗУМИНКА""11г",3.0,г,11.0,0.97,2.91
edostavka,Check-000030.pdf,2025-05-22 23:35:18,Сахар-песок (фасованный)Городея 1кг,1.0,кг,1.0,2.69,2.69
edostavka,Check-000030.pdf,2025-05-22 23:35:18,"Укроп""ЭКОФОЛ ФХ""(свежий)60г",1.0,г,60.0,1.99,1.99
edostavka,Check-000030.pdf,2025-05-22 23:35:18,Творожок детский 100г,1.0,г,100.0,1.06,1.06
edostavka,Check-000030.pdf,2025-05-22 23:35:18,Вода газированная 1.5л,0.464,л,1.5,1.69,0.78
edostavka,Check-000031.pdf,2025-06-05 07:56:35,"Молоко""ЗДРАВУШКА""3.2%(стер,ТБА)1л",4.0,л,1.0,3.04,12.16
edostavka,Check-000031.pdf,2025-06-05 07:56:35,"Молоко""ЗДРАВУШКА""3.4- 6%(паст,ПЭТ)0.93 л",4.0,л,0.93,2.92,11.68
edostavka,Check-000031.pdf,2025-06-05 07:56:35,"Шоколад""СПАРТАК""(dark горьк,с фундук)90г",2.0,г,90.0,5.41,10.82
edostavka,Check-000031.pdf,2025-06-05 07:56:35,"Салат ""ГРИБЫ ШИИТАКЕ С МОРКОВЬЮ"" 150г",2.0,г,150.0,5.19,10.38
edostavka,Check-000031.pdf,2025-06-05 07:56:35,Картофель (мытый)1кг,2.478,кг,1.0,3.99,9.89
edostavka,Check-000031.pdf,2025-06-05 07:56:35,"Бумага туал.""PAPIA""(балий.цвет,3сл)8рул",1.0,л,,9.89,9.89
edostavka,Check-000031.pdf,2025-06-05 07:56:35,"Мак.изд""PASTA ZARA"" (№80,в/с) 500г",2.0,г,500.0,4.59,9.18
edostavka,Check-000031.pdf,2025-06-05 07:56:35,"Салат""АЙСБЕРГ""1кг",1.276,кг,1.0,7.19,9.17
edostavka,Check-000031.pdf,2025-06-05 07:56:35,"Лапша б/п""ДОШ.ЧАН РАМЕН""(припр/гов)120г",3.0,г,120.0,3.05,9.15
edostavka,Check-000031.pdf,2025-06-05 07:56:35,"Бекон св.""ДА ЯЕЧНI""(с/к,мс,ивак)220г",1.0,г,220.0,8.09,8.09
edostavka,Check-000031.pdf,2025-06-05 07:56:35,"Сырок тв.гл.""МОЛ.СТРАНА""23%(ваниль)45г",8.0,г,45.0,1.0,8.0
edostavka,Check-000031.pdf,2025-06-05 07:56:35,"Бекон с/к ""ОСТАНКИНО""(с/н, в/у) 180г",1.0,г,180.0,7.85,7.85
edostavka,Check-000031.pdf,2025-06-05 07:56:35,"Колбаса вар.""С ТЕЛЯТИНОЙ""(в/с,мс,мб)650г",1.0,г,650.0,7.75,7.75
edostavka,Check-000031.pdf,2025-06-05 07:56:35,Пирожное эклер 80г,4.0,г,80.0,1.85,7.4
edostavka,Check-000031.pdf,2025-06-05 07:56:35,Огурец колючий (ФХ) РБ 1кг,0.987,кг,1.0,7.39,7.29
edostavka,Check-000031.pdf,2025-06-05 07:56:35,"Масло подсол""ЗОЛОТАЯ СЕМЕЧКА""(раф)1л",1.0,л,1.0,7.15,7.15
edostavka,Check-000031.pdf,2025-06-05 07:56:35,"Мука пшен.""ЛИДСКАЯ""(М54-28 в/с)2кг",2.0,кг,,3.55,7.1
edostavka,Check-000031.pdf,2025-06-05 07:56:35,"Капуста кваш.(тмин/мор,ПЭТ,ведр.фас.)1кг",1.0,кг,1.0,6.35,6.35
edostavka,Check-000031.pdf,2025-06-05 07:56:35,Зефир бело-розовый 200г,2.0,г,200.0,2.69,5.38
edostavka,Check-000031.pdf,2025-06-05 07:56:35,"Крабовое мясо ""ВИЧИ"" (охлажд) 200 г",1.0,г,200.0,5.05,5.05
edostavka,Check-000031.pdf,2025-06-05 07:56:35,Чай черный листовой 100г,1.0,г,100.0,4.99,4.99
edostavka,Check-000031.pdf,2025-06-05 07:56:35,"Сосиски""МОРТАДЕЛЛИЯ""(в/с,ц/б,иг)320г",1.0,г,320.0,4.71,4.71
edostavka,Check-000031.pdf,2025-06-05 07:56:35,"Салат""ФУНЧОЗА ПО-КОРЕЙСК""(с грибами)150г",1.0,г,150.0,3.29,3.29
edostavka,Check-000031.pdf,2025-06-05 07:56:35,Груша Конференция 1кг,0.409,кг,1.0,7.99,3.27
edostavka,Check-000031.pdf,2025-06-05 07:56:35,Соль морская 1кг,0.664,кг,1.0,4.39,2.91
edostavka,Check-000031.pdf,2025-06-05 07:56:35,"Лаваш (тонкий бездр.,прямоуг.)300г",1.0,г,300.0,2.65,2.65
edostavka,Check-000031.pdf,2025-06-05 07:56:35,Лук зеленый(свежий)70 г,1.0,г,70.0,2.59,2.59
edostavka,Check-000031.pdf,2025-06-05 07:56:35,"Хлеб""БОРОДИНСКИЙ ЛЮКС""(уп,нар)МХП4 0.4кг",1.0,кг,0.4,2.12,2.12
edostavka,Check-000031.pdf,2025-06-05 07:56:35,Петрушка (свежая) 50 г,1.0,г,50.0,1.99,1.99
edostavka,Check-000031.pdf,2025-06-05 07:56:35,"Укроп""АЛЛИГАТОР""(Сидорова Беларусь)70г",1.0,г,70.0,1.89,1.89
edostavka,Check-000031.pdf,2025-06-05 07:56:35,Молоко 2.5% 1л,0.634,л,1.0,2.89,1.83
edostavka,Check-000031.pdf,2025-06-05 07:56:35,"Лапша б/п""BIGBON""(куриц/сальса)РФ75г",1.0,г,75.0,1.65,1.65
edostavka,Check-000031.pdf,2025-06-05 07:56:35,Лук репчатый (урожай 2025) 1 кг,0.476,кг,1.0,2.69,1.28
edostavka,Check-000032.pdf,2025-06-12 08:02:09,"Фасоль конс.""MIKADO""(с овощами)530 г",2.0,г,530.0,6.72,13.44
edostavka,Check-000032.pdf,2025-06-12 08:02:09,Куриное бедро 1кг,1.338,кг,1.0,9.49,12.7
edostavka,Check-000032.pdf,2025-06-12 08:02:09,"Молоко""ЗДРАВУШКА""3.4- 6%(паст,ПЭТ)0.93 л",4.0,л,0.93,3.1,12.4
edostavka,Check-000032.pdf,2025-06-12 08:02:09,"Масло сл/сл""КЛЕЦКАЯ КРЫН""82.5%(н/с)200г",2.0,г,200.0,5.84,11.68
edostavka,Check-000032.pdf,2025-06-12 08:02:09,Каша молочная 250г,3.0,г,250.0,3.85,11.55
edostavka,Check-000032.pdf,2025-06-12 08:02:09,"Колбаса с/в""ПАРМА""(м/пт,порц,сал)180г",1.0,г,180.0,10.99,10.99
edostavka,Check-000032.pdf,2025-06-12 08:02:09,"Масло сл/сл""СЛАВ.ТРАДИЦИИ""82.5%,180г",2.0,г,180.0,5.32,10.64
edostavka,Check-000032.pdf,2025-06-12 08:02:09,"Крабовое мясо ""ВИЧИ"" (охлажд) 200 г",2.0,г,200.0,5.05,10.1
edostavka,Check-000032.pdf,2025-06-12 08:02:09,"Масло сл/сл""ЗДРАВУШКА""82.5%(н/с)180г",2.0,г,180.0,4.93,9.86
edostavka,Check-000032.pdf,2025-06-12 08:02:09,"Майонез""МАХЕЕВЪ""(переп.яйц,/п50.5%)770г",1.0,г,770.0,8.35,8.35
edostavka,Check-000032.pdf,2025-06-12 08:02:09,"Майонез""МАХЕЕВЪ""(Оливков,ср/к 50.5%)770г",1.0,г,770.0,8.35,8.35
edostavka,Check-000032.pdf,2025-06-12 08:02:09,Мука пшеничная 2кг,2.732,кг,2.0,2.99,8.17
edostavka,Check-000032.pdf,2025-06-12 08:02:09,"Салат""АЙСБЕРГ""1кг",1.276,кг,1.0,6.39,8.15
edostavka,Check-000032.pdf,2025-06-12 08:02:09,"Колбаса с/в""ПРАЖСКАЯ""(экс,игаз,мб)180г",1.0,г,180.0,7.75,7.75
edostavka,Check-000032.pdf,2025-06-12 08:02:09,"Кетчуп""МАХЕЕВЪ""(шашлычный)700г",1.0,г,700.0,7.65,7.65
edostavka,Check-000032.pdf,2025-06-12 08:02:09,"Фасоль конс.""MIKADO""(печен)530г",1.0,г,530.0,6.72,6.72
edostavka,Check-000032.pdf,2025-06-12 08:02:09,"Капуста кваш.(тмин/мор,ПЭТ,ведр.фас.)1кг",1.0,кг,1.0,6.35,6.35
edostavka,Check-000032.pdf,2025-06-12 08:02:09,"Сырок тв.гл.""МОЛ.СТРАНА""23%(ваниль)45г",6.0,г,45.0,1.05,6.3
edostavka,Check-000032.pdf,2025-06-12 08:02:09,"Лапша б/п""ДОШ.ЧАН РАМЕН""(припр/гов)120г",2.0,г,120.0,3.05,6.1
edostavka,Check-000032.pdf,2025-06-12 08:02:09,"Молоко""ЗДРАВУШКА""3.2%(стер,ТБА)1л",2.0,л,1.0,3.04,6.08
edostavka,Check-000032.pdf,2025-06-12 08:02:09,"Шоколад""СПАРТАК""(dark горьк,с фундук)90г",1.0,г,90.0,5.41,5.41
edostavka,Check-000032.pdf,2025-06-12 08:02:09,"Фасоль конс.""ПР.АППЕТ.""(крас т/с)425г",2.0,г,425.0,2.65,5.3
edostavka,Check-000032.pdf,2025-06-12 08:02:09,Пюре фруктовое 185г,3.0,г,185.0,1.67,5.01
edostavka,Check-000032.pdf,2025-06-12 08:02:09,Масло подсолнечное 1л,0.595,л,1.0,5.49,3.27
edostavka,Check-000032.pdf,2025-06-12 08:02:09,Рис круглозерный 800г,1.0,г,800.0,3.03,3.03
edostavka,Check-000032.pdf,2025-06-12 08:02:09,Апельсин 1кг,0.574,кг,1.0,4.29,2.46
edostavka,Check-000032.pdf,2025-06-12 08:02:09,Лук репчатый (урожай 2025) 1 кг,0.464,кг,1.0,2.69,1.25
edostavka,Check-000033.pdf,2025-06-18 20:49:34,"Яйцо куриное ""OMEGGA3"" (С-2, 10 шт)",4.0,шт,10.0,3.73,14.92
edostavka,Check-000033.pdf,2025-06-18 20:49:34,"Фасоль конс.""MIKADO""(с овощами)530 г",2.0,г,530.0,6.72,13.44
edostavka,Check-000033.pdf,2025-06-18 20:49:34,Треска филе 500г,1.0,г,500.0,12.99,12.99
edostavka,Check-000033.pdf,2025-06-18 20:49:34,"Молоко""ЗДРАВУШКА""3.4- 6%(паст,ПЭТ)0.93 л",4.0,л,0.93,3.1,12.4
edostavka,Check-000033.pdf,2025-06-18 20:49:34,Творог 9% 200г,5.0,г,200.0,2.37,11.85
edostavka,Check-000033.pdf,2025-06-18 20:49:34,Огурец колючий (ФХ) РБ 1кг,1.462,кг,1.0,7.79,11.39
edostavka,Check-000033.pdf,2025-06-18 20:49:34,"Колбаса с/в""ПАРМА""(м/пт,порц,сал)180г",1.0,г,180.0,10.99,10.99
edostavka,Check-000033.pdf,2025-06-18 20:49:34,"Салат ""ГРИБЫ ШИИТАКЕ С МОРКОВЬЮ"" 150г",2.0,г,150.0,5.19,10.38
edostavka,Check-000033.pdf,2025-06-18 20:49:34,"Сосиски""МОРТАДЕЛЛИЯ""(в/с,ц/б,иг)320г",2.0,г,320.0,4.71,9.42
edostavka,Check-000033.pdf,2025-06-18 20:49:34,Картофель молодой(урожай 2025) 1кг,2.448,кг,1.0,3.83,9.38
edostavka,Check-000033.pdf,2025-06-18 20:49:34,"Фарш из филе цып.со шпик.""НЕЖН""(зам)500г",1.0,г,500.0,8.89,8.89
edostavka,Check-000033.pdf,2025-06-18 20:49:34,"Вареники""БАБУШКА АНЯ""(с творогом)430г",2.0,г,430.0,4.35,8.7
edostavka,Check-000033.pdf,2025-06-18 20:49:34,"Колбаса вар.""С ТЕЛЯТИНОЙ""(в/с,мс,мб)650г",1.0,г,650.0,7.75,7.75
edostavka,Check-000033.pdf,2025-06-18 20:49:34,"Колбаса с/в""ПРАЖСКАЯ""(экс,игаз,мб)180г",1.0,г,180.0,7.75,7.75
edostavka,Check-000033.pdf,2025-06-18 20:49:34,Зелень (укроп/петрушка) 100г,3.0,г,100.0,2.49,7.47
edostavka,Check-000033.pdf,2025-06-18 20:49:34,Гречневая крупа 900г,3.0,г,900.0,2.35,7.05
edostavka,Check-000033.pdf,2025-06-18 20:49:34,Апельсин 1кг,1.158,кг,1.0,5.99,6.94
edostavka,Check-000033.pdf,2025-06-18 20:49:34,"Молоко""ЗДРАВУШКА""3.2%(стер,ТБА)1л",2.0,л,1.0,3.04,6.08
edostavka,Check-000033.pdf,2025-06-18 20:49:34,"Пюре""ТОПТЫШКА""(ябл/банан)190г",4.0,г,190.0,1.41,5.64
edostavka,Check-000033.pdf,2025-06-18 20:49:34,"Пюре""ТОПТЫШКА""(яблоко,груша,перcик) 190г",4.0,г,190.0,1.41,5.64
edostavka,Check-000033.pdf,2025-06-18 20:49:34,"Пюре""ТОПТЫШКА""(яблоко/малина,с сах)190г",4.0,г,190.0,1.41,5.64
edostavka,Check-000033.pdf,2025-06-18 20:49:34,"Йогурт""TEOS""2%(греческ,злак/кл.льна)250г",2.0,г,250.0,2.64,5.28
edostavka,Check-000033.pdf,2025-06-18 20:49:34,Картофель мытый 1кг,2.079,кг,1.0,2.49,5.18
edostavka,Check-000033.pdf,2025-06-18 20:49:34,Зубная паста 100мл,1.036,л,0.1,3.99,4.13
edostavka,Check-000033.pdf,2025-06-18 20:49:34,"Печенье""СЛОДЫЧ""(Мариэрта)430г",1.0,г,430.0,3.97,3.97
edostavka,Check-000033.pdf,2025-06-18 20:49:34,"Пюре""ТОПТЫШКА""(ябл,перс,голуб)190г",2.0,г,190.0,1.89,3.78
edostavka,Check-000033.pdf,2025-06-18 20:49:34,"Пюре""ТОПТЫШКА""(ябл.бан.малин.вишн.)190г",2.0,г,190.0,1.58,3.16
edostavka,Check-000033.pdf,2025-06-18 20:49:34,"Пюре""ТОПТЫШКА""(персик/ябл/банан)190г",2.0,г,190.0,1.42,2.84
edostavka,Check-000033.pdf,2025-06-18 20:49:34,"Пюре""ТОПТЫШКА""(груша/яблоко,с 6мес.)190г",2.0,г,,1.42,2.84
edostavka,Check-000033.pdf,2025-06-18 20:49:34,Соль поваренная 1кг,2.254,кг,1.0,0.99,2.23
edostavka,Check-000033.pdf,2025-06-18 20:49:34,"Батон нарез.""ДЛЯ ВАШЕЙ СЕМЬИ""(в/с)500г",1.0,г,500.0,2.12,2.12
edostavka,Check-000033.pdf,2025-06-18 20:49:34,"Хлеб""БОРОДИНСКИЙ ЛЮКС""(уп,нар)МХП4 0.4кг",1.0,кг,0.4,2.12,2.12
edostavka,Check-000033.pdf,2025-06-18 20:49:34,Свекла 1кг,1.02,кг,1.0,1.75,1.79
edostavka,Check-000034.pdf,2025-06-26 23:54:52,Сахар-песок (фасованный)Городея 1кг,5.0,кг,1.0,2.69,13.45
edostavka,Check-000034.pdf,2025-06-26 23:54:52,"Молоко""ЗДРАВУШКА""3.4- 6%(паст,ПЭТ)0.93 л",4.0,л,0.93,3.1,12.4
edostavka,Check-000034.pdf,2025-06-26 23:54:52,Салат Айсберг 1кг,1.193,кг,1.0,8.99,10.73
edostavka,Check-000034.pdf,2025-06-26 23:54:52,Чай черный листовой 100г,2.0,г,100.0,4.99,9.98
edostavka,Check-000034.pdf,2025-06-26 23:54:52,Сливочное масло 72.5% 180г,2.0,г,180.0,4.85,9.7
edostavka,Check-000034.pdf,2025-06-26 23:54:52,"Бекон с/к ""ОСТАНКИНО""(с/н, в/у) 180г",1.0,г,180.0,9.29,9.29
edostavka,Check-000034.pdf,2025-06-26 23:54:52,"Мак.изд""PASTA ZARA"" (№80,в/с) 500г",2.0,г,500.0,4.6,9.2
edostavka,Check-000034.pdf,2025-06-26 23:54:52,Кабачок 1кг,1.503,кг,1.0,5.59,8.4
edostavka,Check-000034.pdf,2025-06-26 23:54:52,"Набор пирожных""ПРОФИТРОЛИ""(вар.сгущ)225г",1.0,г,225.0,7.25,7.25
edostavka,Check-000034.pdf,2025-06-26 23:54:52,Редис красный 1 кг,1.177,кг,1.0,5.99,7.05
edostavka,Check-000034.pdf,2025-06-26 23:54:52,"Фасоль с овощами ""GUSTO"" 430 г",2.0,г,430.0,3.46,6.92
edostavka,Check-000034.pdf,2025-06-26 23:54:52,"Печенье""ЛЮБЯТОВО""(шоколадное)365г",1.0,г,365.0,6.45,6.45
edostavka,Check-000034.pdf,2025-06-26 23:54:52,"Лапша б/п""ДОШ.ЧАН РАМЕН""(припр/гов)120г",2.0,г,120.0,3.05,6.1
edostavka,Check-000034.pdf,2025-06-26 23:54:52,"Молоко""ЗДРАВУШКА""3.2%(стер,ТБА)1л",2.0,л,1.0,3.04,6.08
edostavka,Check-000034.pdf,2025-06-26 23:54:52,"Капуста кваш.(с морк.,ПЭТ,ведро,ФХ)1кг",1.0,кг,1.0,5.89,5.89
edostavka,Check-000034.pdf,2025-06-26 23:54:52,"Вафли""ВОСТОЧНЫЕ""(микс)210г",1.0,г,210.0,5.83,5.83
edostavka,Check-000034.pdf,2025-06-26 23:54:52,"Салат""АЙСБЕРГ""1кг",0.678,кг,1.0,8.59,5.82
edostavka,Check-000034.pdf,2025-06-26 23:54:52,Сливочное масло 82.5% 180г,1.0,г,180.0,5.61,5.61
edostavka,Check-000034.pdf,2025-06-26 23:54:52,Сыр твердый 45% 200г,1.0,г,200.0,5.41,5.41
edostavka,Check-000034.pdf,2025-06-26 23:54:52,Консервы горошек 425мл,1.364,л,0.425,3.44,4.69
edostavka,Check-000034.pdf,2025-06-26 23:54:52,Томат сливка (Беларусь)1кг,0.561,кг,1.0,7.89,4.43
edostavka,Check-000034.pdf,2025-06-26 23:54:52,"Арахис""НИКИТИН""(жареный)200г",1.0,г,200.0,4.39,4.39
edostavka,Check-000034.pdf,2025-06-26 23:54:52,"Печенье""СЛОДЫЧ""(Мариэрта)430г",1.0,г,430.0,3.97,3.97
edostavka,Check-000034.pdf,2025-06-26 23:54:52,Огурец колючий (ФХ) РБ 1кг,0.482,кг,1.0,7.79,3.75
edostavka,Check-000034.pdf,2025-06-26 23:54:52,Капуста белокочанная (Беларусь)1кг,1.434,кг,1.0,2.45,3.51
edostavka,Check-000034.pdf,2025-06-26 23:54:52,Морковь ранняя 1кг,0.762,кг,1.0,4.09,3.12
edostavka,Check-000034.pdf,2025-06-26 23:54:52,"Фасоль белая ""BOTANICA"" (в т/с) 425г",1.0,г,425.0,2.95,2.95
edostavka,Check-000034.pdf,2025-06-26 23:54:52,Лук зеленый(свежий)70 г,1.0,г,70.0,2.59,2.59
edostavka,Check-000034.pdf,2025-06-26 23:54:52,"Хлеб""БОРОДИНСКИЙ ЛЮКС""(уп,нар)МХП4 0.4кг",1.0,кг,0.4,2.12,2.12
edostavka,Check-000034.pdf,2025-06-26 23:54:52,Петрушка (свежая) 50 г,1.0,г,50.0,1.89,1.89
edostavka,Check-000034.pdf,2025-06-26 23:54:52,Лук репчатый красный 1кг,0.455,кг,1.0,2.97,1.35
edostavka,Check-000035.pdf,2025-07-07 08:11:02,"Бумага туал.""VEIRO""(Luxoria,3сл)8рул",2.0,л,,7.8,15.6
edostavka,Check-000035.pdf,2025-07-07 08:11:02,"Яйцо куриное""ДЕРЕВЕНС.ЯЙЦО""(С1,х10,карт)",4.0,шт,,3.53,14.12
edostavka,Check-000035.pdf,2025-07-07 08:11:02,"Молоко""ЗДРАВУШКА""3.2%(стер,ТБА)1л",4.0,л,1.0,3.04,12.16
edostavka,Check-000035.pdf,2025-07-07 08:11:02,Апельсин 1кг,1.961,кг,1.0,5.99,11.75
edostavka,Check-000035.pdf,2025-07-07 08:11:02,"Сыр п/тв""ЧЕДДЕР РЕД""45%,1кг",0.435,кг,1.0,23.88,10.39
edostavka,Check-000035.pdf,2025-07-07 08:11:02,"Салат ""ГРИБЫ ШИИТАКЕ С МОРКОВЬЮ"" 150г",2.0,г,150.0,5.19,10.38
edostavka,Check-000035.pdf,2025-07-07 08:11:02,"Бекон с/к ""ОСТАНКИНО""(с/н, в/у) 180г",1.0,г,180.0,9.29,9.29
edostavka,Check-000035.pdf,2025-07-07 08:11:02,Колбаса вареная 400г,2.0,г,400.0,4.58,9.16
edostavka,Check-000035.pdf,2025-07-07 08:11:02,"Сосиски""ТИГРЫ""(в/с,игаз)320г",2.0,г,320.0,4.24,8.48
edostavka,Check-000035.pdf,2025-07-07 08:11:02,"Лапша б/п""ДОШ.ЧАН РАМЕН""(припр/гов)120г",2.0,г,120.0,3.05,6.1
edostavka,Check-000035.pdf,2025-07-07 08:11:02,"Вафли""ВОСТОЧНЫЕ""(микс)210г",1.0,г,210.0,5.85,5.85
edostavka,Check-000035.pdf,2025-07-07 08:11:02,Кетчуп томатный 500г,1.0,г,500.0,4.98,4.98
edostavka,Check-000035.pdf,2025-07-07 08:11:02,Свекла ранняя (ФХ) 1кг,1.452,кг,1.0,3.41,4.95
edostavka,Check-000035.pdf,2025-07-07 08:11:02,Лук репчатый 1кг,2.864,кг,1.0,1.65,4.73
edostavka,Check-000035.pdf,2025-07-07 08:11:02,"Сосиски""МОРТАДЕЛЛИЯ""(в/с,ц/б,иг)320г",1.0,г,320.0,4.72,4.72
edostavka,Check-000035.pdf,2025-07-07 08:11:02,Молоко 2.5% 1л,1.597,л,1.0,2.89,4.62
edostavka,Check-000035.pdf,2025-07-07 08:11:02,"Мак.изд""PASTA ZARA"" (№80,в/с) 500г",1.0,г,500.0,4.61,4.61
edostavka,Check-000035.pdf,2025-07-07 08:11:02,Морковь (урожай 2025) 1кг,1.173,кг,1.0,3.9,4.57
edostavka,Check-000035.pdf,2025-07-07 08:11:02,"Печенье""СЛОДЫЧ""(Мариэрта)430г",1.0,г,430.0,3.97,3.97
edostavka,Check-000035.pdf,2025-07-07 08:11:02,"Крупа рис.""БАБУШК.КУХНЯ""(Любим,круг)900г",1.0,г,900.0,3.71,3.71
edostavka,Check-000035.pdf,2025-07-07 08:11:02,Лимон 1кг,0.393,кг,1.0,8.45,3.32
edostavka,Check-000035.pdf,2025-07-07 08:11:02,"Рис ""ЭКОЛАЙН GREEN"" (круглозерный) 790г",1.0,г,790.0,3.24,3.24
edostavka,Check-000035.pdf,2025-07-07 08:11:02,Вода газированная 1.5л,1.437,л,1.5,1.69,2.43
edostavka,Check-000035.pdf,2025-07-07 08:11:02,Печенье сахарное 250г,1.0,г,250.0,2.15,2.15
edostavka,Check-000035.pdf,2025-07-07 08:11:02,Кефир 3.2% 1л,0.611,л,1.0,2.95,1.8
edostavka,Check-000035.pdf,2025-07-07 08:11:02,Лук репчатый (урожай 2025) 1 кг,0.486,кг,1.0,2.47,1.2
edostavka,Check-000036.pdf,2025-07-15 23:18:33,"Яйцо куриное""ДЕРЕВЕНС.ЯЙЦО""(С1,х10,карт)",4.0,шт,,3.53,14.12
edostavka,Check-000036.pdf,2025-07-15 23:18:33,"Молоко""ЗДРАВУШКА""3.4- 6%(паст,ПЭТ)0.93 л",4.0,л,0.93,3.1,12.4
edostavka,Check-000036.pdf,2025-07-15 23:18:33,"Молоко""ЗДРАВУШКА""3.2%(стер,ТБА)1л",4.0,л,1.0,3.04,12.16
edostavka,Check-000036.pdf,2025-07-15 23:18:33,"Рулет ц/б""ЭЛИТ.ЛЮКС""(к/в,вс,мп,игаз)480г",1.0,г,480.0,11.95,11.95
edostavka,Check-000036.pdf,2025-07-15 23:18:33,"Арахис""НИКИТИН""(жареный)200г",2.0,г,200.0,4.39,8.78
edostavka,Check-000036.pdf,2025-07-15 23:18:33,"Колбаски к/в""ОХОТН.""(в/с,ивак)260г",2.0,г,260.0,4.11,8.22
edostavka,Check-000036.pdf,2025-07-15 23:18:33,"Колбаса с/в""МИЛ.ЭКСТ""(экс,игаз,мб)180г",1.0,г,180.0,7.99,7.99
edostavka,Check-000036.pdf,2025-07-15 23:18:33,"Колбаса с/в""БИРОБИДЖАН""(экс,игаз,мб)180г",1.0,г,180.0,7.79,7.79
edostavka,Check-000036.pdf,2025-07-15 23:18:33,"Набор пирожных""ПРОФИТРОЛИ""(вар.сгущ)225г",1.0,г,225.0,7.25,7.25
edostavka,Check-000036.pdf,2025-07-15 23:18:33,Консервы горошек 425мл,1.966,л,0.425,3.44,6.76
edostavka,Check-000036.pdf,2025-07-15 23:18:33,"Сардельки""РИМСКИЕ""(в/с,цб,в/у)390г",1.0,г,390.0,6.62,6.62
edostavka,Check-000036.pdf,2025-07-15 23:18:33,"Лапша б/п""ДОШ.ЧАН РАМЕН""(припр/гов)120г",2.0,г,120.0,3.05,6.1
edostavka,Check-000036.pdf,2025-07-15 23:18:33,Куриное бедро 1кг,0.583,кг,1.0,9.49,5.53
edostavka,Check-000036.pdf,2025-07-15 23:18:33,"Сырок тв.гл.""МОЛ.СТРАНА""23%(ваниль)45г",5.0,г,45.0,1.05,5.25
edostavka,Check-000036.pdf,2025-07-15 23:18:33,"Салат ""ГРИБЫ ШИИТАКЕ С МОРКОВЬЮ"" 150г",1.0,г,150.0,5.19,5.19
edostavka,Check-000036.pdf,2025-07-15 23:18:33,"Печенье""ЛЮБЯТОВО""(возд.шокол)200г",1.0,г,200.0,5.05,5.05
edostavka,Check-000036.pdf,2025-07-15 23:18:33,Зелень (укроп/петрушка) 100г,2.0,г,100.0,2.49,4.98
edostavka,Check-000036.pdf,2025-07-15 23:18:33,"Мак.изд""PASTA ZARA"" (№61,в/с) 500г",1.0,г,500.0,4.61,4.61
edostavka,Check-000036.pdf,2025-07-15 23:18:33,"Мак.изд""PASTA ZARA"" (№46,в/с) 500г",1.0,г,500.0,4.6,4.6
edostavka,Check-000036.pdf,2025-07-15 23:18:33,"Мак.изд.""PASTA ZARA"" (№01,в/с) 500г",1.0,г,500.0,4.6,4.6
edostavka,Check-000036.pdf,2025-07-15 23:18:33,"Мак.изд""PASTA ZARA"" (№80,в/с) 500г",1.0,г,500.0,4.59,4.59
edostavka,Check-000036.pdf,2025-07-15 23:18:33,Апельсин 1кг,0.666,кг,1.0,6.56,4.37
edostavka,Check-000036.pdf,2025-07-15 23:18:33,"Печенье""ЛЮБЯТОВО""(шоколадное)228г",1.0,г,228.0,4.19,4.19
edostavka,Check-000036.pdf,2025-07-15 23:18:33,"Конс.мол.сгущ.""РОГАЧЕВЪ""8.5%(с/с)380г",1.0,г,380.0,3.99,3.99
edostavka,Check-000036.pdf,2025-07-15 23:18:33,Пирожное корзиночка 90г,2.0,г,90.0,1.95,3.9
edostavka,Check-000036.pdf,2025-07-15 23:18:33,Творог 5% 200г,2.0,г,200.0,1.95,3.9
edostavka,Check-000036.pdf,2025-07-15 23:18:33,Огурец колючий (ФХ) РБ 1кг,0.475,кг,1.0,5.35,2.54
edostavka,Check-000036.pdf,2025-07-15 23:18:33,"Сливки""РОГАЧЕВЪ""20% (питьев.стерил)0.2л",1.0,л,0.2,2.49,2.49
edostavka,Check-000036.pdf,2025-07-15 23:18:33,"Хлеб""БОРОДИНСКИЙ ЛЮКС""(уп,нар)МХП4 0.4кг",1.0,кг,0.4,2.12,2.12
edostavka,Check-000036.pdf,2025-07-15 23:18:33,"Вафли""СПАРТАК""(Черноморские,фл/п)87г",1.0,г,87.0,1.27,1.27
edostavka,Check-000036.pdf,2025-07-15 23:18:33,"Вафли""Спартак""черноморские(фл- пак),72г",1.0,г,72.0,1.08,1.08
edostavka,Check-000037.pdf,2025-07-24 19:34:15,"Хлебцы""DR.KORNER""(кукур- рис,карамель)90г",3.0,г,90.0,5.25,15.75
edostavka,Check-000037.pdf,2025-07-24 19:34:15,"Бумага туал.""PAPIA""(Балийск.цв,3сл)12рул",1.0,л,,14.99,14.99
edostavka,Check-000037.pdf,2025-07-24 19:34:15,Сливочное масло 72.5% 180г,3.0,г,180.0,4.85,14.55
edostavka,Check-000037.pdf,2025-07-24 19:34:15,"Вырезка св.""ЮБИЛЕЙНАЯ""(с/к)Слав 1кг",0.463,кг,1.0,29.25,13.54
edostavka,Check-000037.pdf,2025-07-24 19:34:15,"Йогурт""TEOS""2%(греческ,черника)250г",5.0,г,250.0,2.64,13.2
edostavka,Check-000037.pdf,2025-07-24 19:34:15,"Молоко""ЗДРАВУШКА""3.4- 6%(паст,ПЭТ)0.93 л",4.0,л,0.93,3.1,12.4
edostavka,Check-000037.pdf,2025-07-24 19:34:15,"Молоко""ЗДРАВУШКА""3.2%(стер,ТБА)1л",4.0,л,1.0,3.04,12.16
edostavka,Check-000037.pdf,2025-07-24 19:34:15,"Яйцо куриное""ДЕРЕВЕНС.ЯЙЦО""(С1,х10,карт)",3.0,шт,,3.17,9.51
edostavka,Check-000037.pdf,2025-07-24 19:34:15,Апельсин 1кг,1.237,кг,1.0,6.43,7.95
edostavka,Check-000037.pdf,2025-07-24 19:34:15,"Йогурт""TEOS""2%(греческ,клубник,стак)140г",4.0,г,140.0,1.66,6.64
edostavka,Check-000037.pdf,2025-07-24 19:34:15,"Салат""АЙСБЕРГ""1кг",0.756,кг,1.0,7.99,6.04
edostavka,Check-000037.pdf,2025-07-24 19:34:15,"Йогурт""TEOS""2%(греческ,злак/кл.льна)250г",2.0,г,250.0,2.64,5.28
edostavka,Check-000037.pdf,2025-07-24 19:34:15,"Печенье""ЛЮБЯТОВО""(возд.шокол)200г",1.0,г,200.0,5.01,5.01
edostavka,Check-000037.pdf,2025-07-24 19:34:15,"Печенье""ЛЮБЯТОВО""(шоколадное)228г",1.0,г,228.0,4.19,4.19
edostavka,Check-000037.pdf,2025-07-24 19:34:15,"Хлебцы""ПОЛОЦКИЕ""(экстр,ржан.с чесн)80г",2.0,г,80.0,1.45,2.9
edostavka,Check-000037.pdf,2025-07-24 19:34:15,"Хлебцы""ПОЛОЦКИЕ""(экстр,ржаные новые)80г",2.0,г,80.0,1.29,2.58
edostavka,Check-000038.pdf,2025-07-30 22:03:40,"Молоко""ЗДРАВУШКА""3.4- 6%(паст,ПЭТ)0.93 л",4.0,л,0.93,3.1,12.4
edostavka,Check-000038.pdf,2025-07-30 22:03:40,Нектарин плоский 1кг,0.949,кг,1.0,12.99,12.33
edostavka,Check-000038.pdf,2025-07-30 22:03:40,Апельсин 1кг,2.314,кг,1.0,5.3,12.26
edostavka,Check-000038.pdf,2025-07-30 22:03:40,"Пельмени""КОРОЛЕВСКИЕ ГОЛД""Волковыск 430г",2.0,г,430.0,5.58,11.16
edostavka,Check-000038.pdf,2025-07-30 22:03:40,Пирожное эклер 80г,5.0,г,80.0,1.85,9.25
edostavka,Check-000038.pdf,2025-07-30 22:03:40,"Молоко""ЗДРАВУШКА""3.2%(стер,ТБА)1л",3.0,л,1.0,3.04,9.12
edostavka,Check-000038.pdf,2025-07-30 22:03:40,"Вареники""БАБУШКА АНЯ""(с творогом)430г",2.0,г,430.0,4.55,9.1
edostavka,Check-000038.pdf,2025-07-30 22:03:40,"Йогурт""TEOS""2%(греческ,клубник,стак)140г",5.0,г,140.0,1.66,8.3
edostavka,Check-000038.pdf,2025-07-30 22:03:40,"Йогурт""TEOS""2%(греческ,манг/чиа)140г",5.0,г,140.0,1.66,8.3
edostavka,Check-000038.pdf,2025-07-30 22:03:40,"Яйцо куриное (С-1,бел,х10,карт.)Кобрин",2.0,л,,3.97,7.94
edostavka,Check-000038.pdf,2025-07-30 22:03:40,Салат АЙСБЕРГ РБ 1 кг,0.962,кг,1.0,7.99,7.69
edostavka,Check-000038.pdf,2025-07-30 22:03:40,"Яйцо куриное""МОЛОДЕЦ.ЛЮКС""(Д2цв.сел,х10)",2.0,л,,3.76,7.52
edostavka,Check-000038.pdf,2025-07-30 22:03:40,Томат сливка (Беларусь)1кг,1.16,кг,1.0,6.35,7.37
edostavka,Check-000038.pdf,2025-07-30 22:03:40,Огурец колючий (ФХ) РБ 1кг,1.242,кг,1.0,5.38,6.68
edostavka,Check-000038.pdf,2025-07-30 22:03:40,"Равиоли""САМОЕ ВРЕМЯ""(пт./сыр/гриб.)360г",1.0,г,360.0,6.06,6.06
edostavka,Check-000038.pdf,2025-07-30 22:03:40,"Пюре""ТОПТЫШКА""(ябл/банан)190г",4.0,г,190.0,1.49,5.96
edostavka,Check-000038.pdf,2025-07-30 22:03:40,"Пюре""ТОПТЫШКА""(груша/яблоко,с 6мес.)190г",4.0,г,,1.49,5.96
edostavka,Check-000038.pdf,2025-07-30 22:03:40,"Пюре""ТОПТЫШКА""(яблоко/малина,с сах)190г",4.0,г,190.0,1.39,5.56
edostavka,Check-000038.pdf,2025-07-30 22:03:40,"Пюре""ТОПТЫШКА""(персик/ябл/банан)190г",4.0,г,190.0,1.39,5.56
edostavka,Check-000038.pdf,2025-07-30 22:03:40,Соль морская 1кг,1.256,кг,1.0,4.39,5.51
edostavka,Check-000038.pdf,2025-07-30 22:03:40,Капуста белокочанная (Беларусь)1кг,2.461,кг,1.0,1.53,3.77
edostavka,Check-000038.pdf,2025-07-30 22:03:40,Кабачок желтый РБ 1кг,1.057,кг,1.0,3.39,3.58
edostavka,Check-000038.pdf,2025-07-30 22:03:40,Гречневая крупа 900г,1.0,г,900.0,2.35,2.35
edostavka,Check-000038.pdf,2025-07-30 22:03:40,Кабачок (Беларусь)1кг,0.846,кг,1.0,2.39,2.02
edostavka,Check-000038.pdf,2025-07-30 22:03:40,Лук репчатый красный 1кг,0.429,кг,1.0,3.18,1.36
edostavka,Check-000039.pdf,2025-08-02 23:24:38,"Вафли""СЛАДКАЯ ИДЕЯ""(Восточные,микс)600г",1.0,г,600.0,15.41,15.41
edostavka,Check-000039.pdf,2025-08-02 23:24:38,"Яйцо куриное""МОЛОДЕЦ.ЛЮКС""(Д2цв.сел,х10)",4.0,л,,3.79,15.16
edostavka,Check-000039.pdf,2025-08-02 23:24:38,Грудинка копченая 200г,2.0,г,200.0,6.99,13.98
edostavka,Check-000039.pdf,2025-08-02 23:24:38,Перец грунтовой 1кг,3.165,кг,1.0,4.29,13.58
edostavka,Check-000039.pdf,2025-08-02 23:24:38,"Молоко""ЗДРАВУШКА""3.4- 6%(паст,ПЭТ)0.93 л",4.0,л,0.93,3.12,12.48
edostavka,Check-000039.pdf,2025-08-02 23:24:38,"Йогурт""TEOS""2%(греческ,клубник,стак)140г",6.0,г,140.0,1.67,10.02
edostavka,Check-000039.pdf,2025-08-02 23:24:38,"Крупа гречневая""ЭКОЛАЙН""900г",4.0,г,900.0,2.09,8.36
edostavka,Check-000039.pdf,2025-08-02 23:24:38,"Сметана ""ЗДРАВУШКА""24% (пленка)400г",2.0,г,400.0,4.07,8.14
edostavka,Check-000039.pdf,2025-08-02 23:24:38,Сгущенное молоко 8.5% 270г,3.0,г,270.0,2.71,8.13
edostavka,Check-000039.pdf,2025-08-02 23:24:38,Томат сливка (Беларусь)1кг,1.193,кг,1.0,6.39,7.62
edostavka,Check-000039.pdf,2025-08-02 23:24:38,Виноград черный 1 кг,0.977,кг,1.0,7.79,7.61
edostavka,Check-000039.pdf,2025-08-02 23:24:38,"Творог""CREAM NUVO""5%,380г",2.0,г,380.0,3.72,7.44
edostavka,Check-000039.pdf,2025-08-02 23:24:38,"Перец красный""КАЛИФОРНИЯ""1кг",0.692,кг,1.0,10.75,7.44
edostavka,Check-000039.pdf,2025-08-02 23:24:38,Баклажан (Беларусь)1кг,0.634,кг,1.0,10.79,6.84
edostavka,Check-000039.pdf,2025-08-02 23:24:38,Макароны спиральки 400г,2.0,г,400.0,3.29,6.58
edostavka,Check-000039.pdf,2025-08-02 23:24:38,Хлеб ржаной 400г,4.0,г,400.0,1.39,5.56
edostavka,Check-000039.pdf,2025-08-02 23:24:38,Личи 1кг,0.398,кг,1.0,11.39,4.53
edostavka,Check-000039.pdf,2025-08-02 23:24:38,"Крупа рис.""ЭКОЛАЙН""(янтар.пропар)900г",1.0,г,900.0,4.37,4.37
edostavka,Check-000039.pdf,2025-08-02 23:24:38,Морковь мытая (пакет)1кг,1.0,кг,1.0,3.59,3.59
edostavka,Check-000039.pdf,2025-08-02 23:24:38,Мандарин 1 кг,0.696,кг,1.0,4.98,3.47
edostavka,Check-000039.pdf,2025-08-02 23:24:38,"Молоко""ЗДРАВУШКА""3.2%(стер,ТБА)1л",1.0,л,1.0,3.06,3.06
edostavka,Check-000039.pdf,2025-08-02 23:24:38,"Конс.мол.сгущ.""РОГАЧЕВЪ""8.5%(с/с)270г",1.0,г,270.0,3.05,3.05
edostavka,Check-000039.pdf,2025-08-02 23:24:38,"Вафли""СПАРТАК""(Черноморские,фл/п)87г",2.0,г,87.0,1.33,2.66
edostavka,Check-000039.pdf,2025-08-02 23:24:38,Авокадо Хасс 1кг,0.258,кг,1.0,9.39,2.42
edostavka,Check-000039.pdf,2025-08-02 23:24:38,Огурец гладкий 1кг,0.338,кг,1.0,6.99,2.36
edostavka,Check-000039.pdf,2025-08-02 23:24:38,"Горчица""КАМАКО""(столовая,ст/б)170г",1.0,г,170.0,2.35,2.35
edostavka,Check-000039.pdf,2025-08-02 23:24:38,Чеснок (РБ) вес 1 кг,0.158,кг,1.0,14.59,2.31
edostavka,Check-000040.pdf,2025-08-13 23:24:08,Сливки 33% 0.5л,2.14,л,0.5,4.99,10.68
edostavka,Check-000040.pdf,2025-08-13 23:24:08,"Сосиски""МОРТАДЕЛЛИЯ""(в/с,ц/б,иг)320г",2.0,г,320.0,4.77,9.54
edostavka,Check-000040.pdf,2025-08-13 23:24:08,"Бекон св.""ДА ЯЕЧНI""(с/к,мс,ивак)220г",1.0,г,220.0,8.59,8.59
edostavka,Check-000040.pdf,2025-08-13 23:24:08,"Сметана ""ЗДРАВУШКА""24% (пленка)400г",2.0,г,400.0,4.07,8.14
edostavka,Check-000040.pdf,2025-08-13 23:24:08,Огурец колючий (ФХ) РБ 1кг,1.288,кг,1.0,4.99,6.43
edostavka,Check-000040.pdf,2025-08-13 23:24:08,Авокадо Хасс 1кг,0.401,кг,1.0,14.99,6.01
edostavka,Check-000040.pdf,2025-08-13 23:24:08,"Томат ""ТОМИМ МУЧО"" роз 1 кг",0.915,кг,1.0,5.46,5.0
edostavka,Check-000040.pdf,2025-08-13 23:24:08,Сливочное масло 72.5% 180г,1.0,г,180.0,4.85,4.85
edostavka,Check-000040.pdf,2025-08-13 23:24:08,Вафли шоколадные 200г,2.0,г,200.0,2.35,4.7
edostavka,Check-000040.pdf,2025-08-13 23:24:08,Средство для мытья посуды 0.5л,1.213,л,0.5,3.49,4.23
edostavka,Check-000040.pdf,2025-08-13 23:24:08,"Печенье ""ЛЮБЯТОВО""(сол.карамель) 50г",2.0,г,50.0,1.91,3.82
edostavka,Check-000040.pdf,2025-08-13 23:24:08,"Булочки""ДЛЯ ХОТ-ДОГА""(упак)4шт,240г",2.0,г,4.0,1.89,3.78
edostavka,Check-000040.pdf,2025-08-13 23:24:08,Морковь фас. Беларусь 1кг,1.599,кг,1.0,2.15,3.44
edostavka,Check-000040.pdf,2025-08-13 23:24:08,"Сливки""СНОВ""12%(пит,пленка)0.5л",1.0,л,0.5,3.19,3.19
edostavka,Check-000040.pdf,2025-08-13 23:24:08,Булка сдобная 200г,3.0,г,200.0,0.95,2.85
edostavka,Check-000040.pdf,2025-08-13 23:24:08,Вода питьевая 1.5л,1.788,л,1.5,1.49,2.66
edostavka,Check-000040.pdf,2025-08-13 23:24:08,"Батон нарез.""ДЛЯ ВАШЕЙ СЕМЬИ""(в/с)500г",1.0,г,500.0,2.13,2.13
edostavka,Check-000040.pdf,2025-08-13 23:24:08,Свекла 1кг,1.131,кг,1.0,1.75,1.98
edostavka,Check-000040.pdf,2025-08-13 23:24:08,Паштет печеночный 100г,1.0,г,100.0,1.89,1.89
edostavka,Check-000041.pdf,2025-08-18 18:02:45,Колбаса вареная 400г,3.0,г,400.0,4.58,13.74
edostavka,Check-000041.pdf,2025-08-18 18:02:45,"Молоко""ЗДРАВУШКА""3.4- 6%(паст,ПЭТ)0.93 л",4.0,л,0.93,3.12,12.48
edostavka,Check-000041.pdf,2025-08-18 18:02:45,"Равиоли""САМОЕ ВРЕМЯ""(пт./сыр/гриб.)360г",2.0,г,360.0,6.09,12.18
edostavka,Check-000041.pdf,2025-08-18 18:02:45,Куриное бедро 1кг,1.223,кг,1.0,9.49,11.61
edostavka,Check-000041.pdf,2025-08-18 18:02:45,"Йогурт""TEOS""2%(греческ,черника)250г",4.0,г,250.0,2.67,10.68
edostavka,Check-000041.pdf,2025-08-18 18:02:45,"Сыр п/тв.""МОЦАРЕЛЛА ГОЛД""40%(в/у)400г",1.0,г,400.0,10.3,10.3
edostavka,Check-000041.pdf,2025-08-18 18:02:45,"Колбаски к/в""КАБАНОСЫ""(в/с)550г",1.0,г,550.0,9.44,9.44
edostavka,Check-000041.pdf,2025-08-18 18:02:45,"Сыр твор.""BONFESTO КРЕМЧИЗ""70%,400г",1.0,г,400.0,8.89,8.89
edostavka,Check-000041.pdf,2025-08-18 18:02:45,"Туалетная бумага «Zeno Premium» трехслойная, 8 рулонов",1.0,шт,,8.57,8.57
edostavka,Check-000041.pdf,2025-08-18 18:02:45,"Колбаски к/в""ОХОТН.""(в/с,ивак)260г",2.0,г,260.0,4.25,8.5
edostavka,Check-000041.pdf,2025-08-18 18:02:45,"Картофель ""КОЛОМБО"" (фас.) 1кг",3.822,кг,1.0,2.17,8.29
edostavka,Check-000041.pdf,2025-08-18 18:02:45,"Йогурт""TEOS""2%(греческ,клубник,стак)140г",4.0,г,140.0,1.67,6.68
edostavka,Check-000041.pdf,2025-08-18 18:02:45,"Йогурт""TEOS""2%(греческ,манг/чиа)140г",4.0,г,140.0,1.67,6.68
edostavka,Check-000041.pdf,2025-08-18 18:02:45,"Бумага туал.""SIPTO""(Premium,бел,3сл)8рул",1.0,л,,6.63,6.63
edostavka,Check-000041.pdf,2025-08-18 18:02:45,Средство для мытья посуды 0.5л,1.81,л,0.5,3.49,6.32
edostavka,Check-000041.pdf,2025-08-18 18:02:45,"Груша ""ИЮЛЬСКАЯ"" Китай 1кг",0.965,кг,1.0,6.35,6.13
edostavka,Check-000041.pdf,2025-08-18 18:02:45,"Колбаса в/к""СЕРВ.ФИНСК""(к/в,вак,ц/б)360г",1.0,г,360.0,6.13,6.13
edostavka,Check-000041.pdf,2025-08-18 18:02:45,"Кетчуп""МАХЕЕВЪ""(томатный дой/пак)500г",1.0,г,500.0,5.65,5.65
edostavka,Check-000041.pdf,2025-08-18 18:02:45,Бекон 200г,1.0,г,200.0,5.59,5.59
edostavka,Check-000041.pdf,2025-08-18 18:02:45,Морс клюквенный 0.5л,1.999,л,0.5,2.49,4.98
edostavka,Check-000041.pdf,2025-08-18 18:02:45,"Яйцо куриное (С-1,бел,х10,карт.)Кобрин",1.0,л,,4.05,4.05
edostavka,Check-000041.pdf,2025-08-18 18:02:45,"Мука пшен.""ЛИДСКАЯ""(М54-28 в/с)2кг",1.0,кг,,3.25,3.25
edostavka,Check-000041.pdf,2025-08-18 18:02:45,Капуста белокочанная (Беларусь)1кг,2.94,кг,1.0,1.05,3.09
edostavka,Check-000041.pdf,2025-08-18 18:02:45,"Кетчуп ""МАХЕЕВ"" (краснодарский,д/п) 300г",1.0,г,300.0,2.89,2.89
edostavka,Check-000041.pdf,2025-08-18 18:02:45,Апельсин 1кг,0.488,кг,1.0,5.79,2.83
edostavka,Check-000041.pdf,2025-08-18 18:02:45,Соль поваренная 1кг,2.758,кг,1.0,0.99,2.73
edostavka,Check-000041.pdf,2025-08-18 18:02:45,"Кефир""СЛАВ.ТРАДИЦИИ""3.2%(у/пас,ПЭТ)0.9кг",1.0,кг,0.9,2.24,2.24
edostavka,Check-000042.pdf,2025-08-26 19:59:30,Сыр плавленый 55% 180г,4.0,г,180.0,2.95,11.8
edostavka,Check-000042.pdf,2025-08-26 19:59:30,Сосиски 320г,2.0,г,320.0,5.49,10.98
edostavka,Check-000042.pdf,2025-08-26 19:59:30,"Яйцо куриное""ДЕРЕВЕНС.ЯЙЦО""(С1,х10,карт)",3.0,шт,,3.59,10.77
edostavka,Check-000042.pdf,2025-08-26 19:59:30,Виноград черный 1кг,1.204,кг,1.0,8.05,9.69
edostavka,Check-000042.pdf,2025-08-26 19:59:30,"Молоко""ЗДРАВУШКА""3.2%(стер,ТБА)1л",3.0,л,1.0,3.06,9.18
edostavka,Check-000042.pdf,2025-08-26 19:59:30,"Крупа гречневая""ЭКОЛАЙН""900г",4.0,г,900.0,2.09,8.36
edostavka,Check-000042.pdf,2025-08-26 19:59:30,Шампунь 400мл,0.975,л,0.4,7.99,7.79
edostavka,Check-000042.pdf,2025-08-26 19:59:30,Кукуруза сахарная в початках РБ 1 кг,1.274,кг,1.0,5.99,7.63
edostavka,Check-000042.pdf,2025-08-26 19:59:30,"Творог""CREAM NUVO""5%,380г",2.0,г,380.0,3.72,7.44
edostavka,Check-000042.pdf,2025-08-26 19:59:30,"Йогурт""TEOS""2%(греческ,клубник,стак)140г",4.0,г,140.0,1.67,6.68
edostavka,Check-000042.pdf,2025-08-26 19:59:30,"Йогурт""TEOS""2%(греческ,манг/чиа)140г",3.0,г,140.0,1.67,5.01
edostavka,Check-000042.pdf,2025-08-26 19:59:30,"Йогурт""TEOS""2%(греческ,вишня,стак)140г",3.0,г,140.0,1.67,5.01
edostavka,Check-000042.pdf,2025-08-26 19:59:30,"Крупа рис.""ЭКОЛАЙН""(янтар.пропар)900г",1.0,г,900.0,4.35,4.35
edostavka,Check-000042.pdf,2025-08-26 19:59:30,"Сметана ""ЗДРАВУШКА""24% (пленка)400г",1.0,г,400.0,4.07,4.07
edostavka,Check-000042.pdf,2025-08-26 19:59:30,Морковь мытая (пакет)1кг,1.0,кг,1.0,3.49,3.49
edostavka,Check-000042.pdf,2025-08-26 19:59:30,Мандарин 1 кг,0.671,кг,1.0,4.99,3.35
edostavka,Check-000042.pdf,2025-08-26 19:59:30,"Вафли""СПАРТАК""(Черноморские,фл/п)87г",2.0,г,87.0,1.57,3.14
edostavka,Check-000042.pdf,2025-08-26 19:59:30,"Конс.мол.сгущ.""РОГАЧЕВЪ""8.5%(с/с)270г",1.0,г,270.0,3.05,3.05
edostavka,Check-000042.pdf,2025-08-26 19:59:30,Печенье овсяное 200г,1.0,г,200.0,1.89,1.89
edostavka,Check-000042.pdf,2025-08-26 19:59:30,Батон с отрубями 300г,1.0,г,300.0,1.45,1.45
edostavka,Check-000043.pdf,2025-09-01 19:57:11,Куриное филе 850г,1.0,г,850.0,13.17,13.17
edostavka,Check-000043.pdf,2025-09-01 19:57:11,"Молоко""ЗДРАВУШКА""3.4- 6%(паст,ПЭТ)0.93 л",4.0,л,0.93,3.12,12.48
edostavka,Check-000043.pdf,2025-09-01 19:57:11,"Яйцо куриное (С-1,бел,х10,карт.)Кобрин",3.0,л,,4.05,12.15
edostavka,Check-000043.pdf,2025-09-01 19:57:11,"Сыр п/тв.""МОЦАРЕЛЛА ГОЛД""40%(в/у)400г",1.0,г,400.0,10.3,10.3
edostavka,Check-000043.pdf,2025-09-01 19:57:11,"Мак.изд""BARILLA""(филини вермичелли)450г",2.0,г,450.0,4.75,9.5
edostavka,Check-000043.pdf,2025-09-01 19:57:11,"Виноград черный ""КИШМИШ"" 1 кг",1.009,кг,1.0,8.39,8.47
edostavka,Check-000043.pdf,2025-09-01 19:57:11,Сгущенное молоко 8.5% 270г,3.0,г,270.0,2.71,8.13
edostavka,Check-000043.pdf,2025-09-01 19:57:11,"Средство чист.унив""ROMAX""(мор.свеж)1кг",1.0,кг,1.0,7.85,7.85
edostavka,Check-000043.pdf,2025-09-01 19:57:11,"Йогурт""TEOS""2%(греческ,манг/чиа)140г",4.0,г,140.0,1.67,6.68
edostavka,Check-000043.pdf,2025-09-01 19:57:11,"Сардельки""РИМСКИЕ""(в/с,цб,в/у)390г",1.0,г,390.0,6.5,6.5
edostavka,Check-000043.pdf,2025-09-01 19:57:11,Огурец колючий (ФХ) РБ 1кг,1.294,кг,1.0,4.99,6.46
edostavka,Check-000043.pdf,2025-09-01 19:57:11,Томат розовый (Беларусь)1кг,1.003,кг,1.0,6.39,6.41
edostavka,Check-000043.pdf,2025-09-01 19:57:11,"Вафли""ВОСТОЧНЫЕ""(микс)210г",1.0,г,210.0,5.88,5.88
edostavka,Check-000043.pdf,2025-09-01 19:57:11,"Мак.изд""BARILLA""(фузили,5зл)450г",1.0,г,,5.51,5.51
edostavka,Check-000043.pdf,2025-09-01 19:57:11,Банан 1кг,1.223,кг,1.0,4.49,5.49
edostavka,Check-000043.pdf,2025-09-01 19:57:11,"Мак.изд""BARILLA""(ризони) 450г",1.0,г,450.0,4.75,4.75
edostavka,Check-000043.pdf,2025-09-01 19:57:11,"Мак.изд""BARILLA""(пипе ригате) 450г",1.0,г,450.0,4.75,4.75
edostavka,Check-000043.pdf,2025-09-01 19:57:11,"Мак.изд""BARILLA""(капеллини)450г",1.0,г,450.0,4.75,4.75
edostavka,Check-000043.pdf,2025-09-01 19:57:11,"Вафли""СПАРТАК""(Черноморские ф/пак)216г",1.0,г,216.0,3.85,3.85
edostavka,Check-000043.pdf,2025-09-01 19:57:11,"Морковь мытая (для сока,пакет)1кг",1.0,кг,1.0,3.29,3.29
edostavka,Check-000043.pdf,2025-09-01 19:57:11,"Соль""ЭКОЛАЙН""(морская new,помол №3)1кг",1.0,кг,1.0,3.29,3.29
edostavka,Check-000043.pdf,2025-09-01 19:57:11,Картофель мытый 1кг,1.231,кг,1.0,2.49,3.07
edostavka,Check-000043.pdf,2025-09-01 19:57:11,"Гель чист.унив""DOMOLINE""(лимон)750мл",1.0,л,750.0,2.99,2.99
edostavka,Check-000043.pdf,2025-09-01 19:57:11,"Крупа манная""СТОЛ.МЕЛЬНИЦА""(бум.пак)1кг",1.0,кг,1.0,2.01,2.01
edostavka,Check-000043.pdf,2025-09-01 19:57:11,Йогурт питьевой 2.5% 0.5л,0.729,л,0.5,2.25,1.64
edostavka,Check-000044.pdf,2025-09-08 23:26:40,"Яйцо куриное (С-1,бел,х10,карт.)Кобрин",4.0,л,,4.05,16.2
edostavka,Check-000044.pdf,2025-09-08 23:26:40,Грудинка копченая 200г,2.0,г,200.0,6.99,13.98
edostavka,Check-000044.pdf,2025-09-08 23:26:40,Авокадо Хасс 1кг,0.882,кг,1.0,14.99,13.22
edostavka,Check-000044.pdf,2025-09-08 23:26:40,"Молоко""ЗДРАВУШКА""3.4- 6%(паст,ПЭТ)0.93 л",4.0,л,0.93,3.12,12.48
edostavka,Check-000044.pdf,2025-09-08 23:26:40,"Масло сл/сл""СЛАВ.ТРАДИЦИИ""82.5%,180г",2.0,г,180.0,5.63,11.26
edostavka,Check-000044.pdf,2025-09-08 23:26:40,"Йогурт""TEOS""2%(греческ,черника)250г",4.0,г,250.0,2.67,10.68
edostavka,Check-000044.pdf,2025-09-08 23:26:40,Хурма 1кг,1.508,кг,1.0,6.99,10.54
edostavka,Check-000044.pdf,2025-09-08 23:26:40,"Сыр п/тв.""МОЦАРЕЛЛА ГОЛД""40%(в/у)400г",1.0,г,400.0,10.3,10.3
edostavka,Check-000044.pdf,2025-09-08 23:26:40,"Йогурт""TEOS""2%(греческ,манг/чиа)140г",6.0,г,140.0,1.67,10.02
edostavka,Check-000044.pdf,2025-09-08 23:26:40,"Масло подсол""ЗОЛОТАЯ СЕМЕЧКА""(раф)1л",1.0,л,1.0,6.81,6.81
edostavka,Check-000044.pdf,2025-09-08 23:26:40,"Йогурт""TEOS""2%(греческ,вишня,стак)140г",4.0,г,140.0,1.67,6.68
edostavka,Check-000044.pdf,2025-09-08 23:26:40,Сыр плавленый 55% 180г,2.0,г,180.0,2.95,5.9
edostavka,Check-000044.pdf,2025-09-08 23:26:40,"Творог""ЗДРАВУШКА""9%,200г",2.0,г,200.0,2.39,4.78
edostavka,Check-000044.pdf,2025-09-08 23:26:40,Помело 1кг,0.739,кг,1.0,6.39,4.72
edostavka,Check-000044.pdf,2025-09-08 23:26:40,Виноград черный 1кг,0.695,кг,1.0,6.29,4.37
edostavka,Check-000044.pdf,2025-09-08 23:26:40,"Сметана ""ЗДРАВУШКА""24% (пленка)400г",1.0,г,400.0,4.07,4.07
edostavka,Check-000044.pdf,2025-09-08 23:26:40,Макароны спиральки 400г,1.0,г,400.0,3.29,3.29
edostavka,Check-000044.pdf,2025-09-08 23:26:40,"Мука пшен.""ЛИДСКАЯ""(М54-28 в/с)2кг",1.0,кг,,3.25,3.25
edostavka,Check-000044.pdf,2025-09-08 23:26:40,"Вафли""СПАРТАК""(Черноморские,фл/п)87г",2.0,г,87.0,1.57,3.14
edostavka,Check-000044.pdf,2025-09-08 23:26:40,"Морковь мытая (для сока,пакет)1кг",1.0,кг,1.0,2.89,2.89
edostavka,Check-000044.pdf,2025-09-08 23:26:40,Булка сдобная 200г,3.0,г,200.0,0.95,2.85
edostavka,Check-000044.pdf,2025-09-08 23:26:40,Печенье овсяное 200г,1.0,г,200.0,1.89,1.89
edostavka,Check-000045.pdf,2025-09-19 23:10:06,Перец красный сладкий (свежий РБ)1 кг,1.667,кг,1.0,7.02,11.7
edostavka,Check-000045.pdf,2025-09-19 23:10:06,Перец болгарский 1кг,1.374,кг,1.0,8.49,11.67
edostavka,Check-000045.pdf,2025-09-19 23:10:06,Мандарин 1кг,1.565,кг,1.0,7.27,11.38
edostavka,Check-000045.pdf,2025-09-19 23:10:06,"Виноград черный ""КИШМИШ"" 1 кг",1.18,кг,1.0,8.99,10.61
edostavka,Check-000045.pdf,2025-09-19 23:10:06,"Салат""АЙСБЕРГ""1кг",0.734,кг,1.0,12.79,9.39
edostavka,Check-000045.pdf,2025-09-19 23:10:06,"Молоко""ЗДРАВУШКА""3.4- 6%(паст,ПЭТ)0.93 л",3.0,л,0.93,3.12,9.36
edostavka,Check-000045.pdf,2025-09-19 23:10:06,Шпроты 160г,2.0,г,160.0,4.49,8.98
edostavka,Check-000045.pdf,2025-09-19 23:10:06,"Кетчуп""МАХЕЕВЪ""(шашлычный)700г",1.0,г,700.0,8.05,8.05
edostavka,Check-000045.pdf,2025-09-19 23:10:06,"Груша""КОМИС""1кг",0.995,кг,1.0,7.38,7.34
edostavka,Check-000045.pdf,2025-09-19 23:10:06,Мука пшеничная 2кг,2.395,кг,2.0,2.99,7.16
edostavka,Check-000045.pdf,2025-09-19 23:10:06,Томат розовый (Беларусь)1кг,0.975,кг,1.0,6.99,6.82
edostavka,Check-000045.pdf,2025-09-19 23:10:06,"Йогурт""TEOS""2%(греческ,вишня,стак)140г",4.0,г,140.0,1.67,6.68
edostavka,Check-000045.pdf,2025-09-19 23:10:06,"Йогурт""TEOS""2%(греческ,манг/чиа)140г",4.0,г,140.0,1.67,6.68
edostavka,Check-000045.pdf,2025-09-19 23:10:06,"Яблоко ""РЕД ЧИФ"" РБ 1кг",1.151,кг,1.0,5.45,6.27
edostavka,Check-000045.pdf,2025-09-19 23:10:06,Картофель фас АгроБуМа 1кг,3.302,кг,1.0,1.85,6.11
edostavka,Check-000045.pdf,2025-09-19 23:10:06,"Морковь мытая""АГРОЛАЙН""(фасован)1кг",2.464,кг,1.0,2.39,5.89
edostavka,Check-000045.pdf,2025-09-19 23:10:06,Банан 1кг,1.155,кг,1.0,4.99,5.76
edostavka,Check-000045.pdf,2025-09-19 23:10:06,Лук репчатый (фас.) 1 кг,2.44,кг,1.0,2.34,5.71
edostavka,Check-000045.pdf,2025-09-19 23:10:06,Слива синяя 1кг,0.786,кг,1.0,6.69,5.26
edostavka,Check-000045.pdf,2025-09-19 23:10:06,"Чипсы""МИРА""(картоф.Белорусские,лук)200г",1.0,г,200.0,5.15,5.15
edostavka,Check-000045.pdf,2025-09-19 23:10:06,"Огурцы марин.""GUSTO""(пикули)340г",1.0,г,340.0,4.81,4.81
edostavka,Check-000045.pdf,2025-09-19 23:10:06,Мармелад жевательный 150г,2.0,г,150.0,1.89,3.78
edostavka,Check-000045.pdf,2025-09-19 23:10:06,Йогурт греческий 2% 140г,2.0,г,140.0,1.69,3.38
edostavka,Check-000045.pdf,2025-09-19 23:10:06,Лимон 1кг,0.41,кг,1.0,8.09,3.32
edostavka,Check-000045.pdf,2025-09-19 23:10:06,"Хлебцы""ПОЛОЦКИЕ""(экстр,ржан.с чесн)80г",2.0,г,80.0,1.45,2.9
edostavka,Check-000045.pdf,2025-09-19 23:10:06,"Хлебцы""ПОЛОЦКИЕ""(экстр,бородинские)80г",2.0,г,80.0,1.29,2.58
edostavka,Check-000045.pdf,2025-09-19 23:10:06,"Хлебцы""ПОЛОЦКИЕ""(экстр,ржаные новые)80г",2.0,г,80.0,1.19,2.38
edostavka,Check-000045.pdf,2025-09-19 23:10:06,Печенье песочное 200г,1.0,г,200.0,1.75,1.75
edostavka,Check-000046.pdf,2025-09-23 21:42:41,"Сыр п/тв.""МОЦАРЕЛЛА ГОЛД""40%(в/у)400г",2.0,г,400.0,10.3,20.6
edostavka,Check-000046.pdf,2025-09-23 21:42:41,Кетчуп томатный 500г,4.0,г,500.0,4.98,19.92
edostavka,Check-000046.pdf,2025-09-23 21:42:41,Сметана 30% 350г,3.0,г,350.0,5.5,16.5
edostavka,Check-000046.pdf,2025-09-23 21:42:41,"Кукуруза конс.""GREEN RAY""(б/сахар)425 мл",3.0,л,425.0,5.38,16.14
edostavka,Check-000046.pdf,2025-09-23 21:42:41,Сыр полутвердый 45% 200г,3.0,г,200.0,4.85,14.55
edostavka,Check-000046.pdf,2025-09-23 21:42:41,"Яйцо куриное ""OMEGGA3"" (С-1, 10 шт)",4.0,шт,10.0,3.63,14.52
edostavka,Check-000046.pdf,2025-09-23 21:42:41,Виноград черный 1кг,1.765,кг,1.0,7.99,14.1
edostavka,Check-000046.pdf,2025-09-23 21:42:41,"Перец красный ""ПОРТЕКО"" 1 кг",1.964,кг,1.0,7.02,13.79
edostavka,Check-000046.pdf,2025-09-23 21:42:41,"Сардельки""РИМСКИЕ""(в/с,цб,в/у)390г",2.0,г,390.0,6.71,13.42
edostavka,Check-000046.pdf,2025-09-23 21:42:41,"Филе большое цыпленка бройлера охлажденное ""ПЕТРУХА""(фасованое)850г",1.0,г,850.0,13.19,13.19
edostavka,Check-000046.pdf,2025-09-23 21:42:41,Рис круглозерный 800г,4.0,г,800.0,3.03,12.12
edostavka,Check-000046.pdf,2025-09-23 21:42:41,Фарш свинина-курица (заморож)1/500,1.0,шт,500.0,11.99,11.99
edostavka,Check-000046.pdf,2025-09-23 21:42:41,"Масло сл/сл""СЛАВ.ТРАДИЦИИ""82.5%,180г",2.0,г,180.0,5.63,11.26
edostavka,Check-000046.pdf,2025-09-23 21:42:41,Творог 9% 200г,3.0,г,200.0,2.37,7.11
edostavka,Check-000046.pdf,2025-09-23 21:42:41,"Молоко""МОЛОЧНЫЙ МИР""2.5%(у/пас,ПЭТ)1.45л",2.0,л,1.45,3.33,6.66
edostavka,Check-000046.pdf,2025-09-23 21:42:41,"Молоко""ЗДРАВУШКА""3.2%(стер,ТБА)1л",2.0,л,1.0,3.06,6.12
edostavka,Check-000046.pdf,2025-09-23 21:42:41,Пряники медовые 200г,3.0,г,200.0,1.99,5.97
edostavka,Check-000046.pdf,2025-09-23 21:42:41,"Вафли""ВОСТОЧНЫЕ""(микс)210г",1.0,г,210.0,5.88,5.88
edostavka,Check-000046.pdf,2025-09-23 21:42:41,Банан (2категория)1кг уценка,1.222,кг,,4.39,5.36
edostavka,Check-000046.pdf,2025-09-23 21:42:41,"Йогурт""TEOS""2%(греческ,черника)250г",2.0,г,250.0,2.67,5.34
edostavka,Check-000046.pdf,2025-09-23 21:42:41,Баклажан грунтовой 1 кг,0.941,кг,1.0,5.49,5.17
edostavka,Check-000046.pdf,2025-09-23 21:42:41,"Йогурт""TEOS""2%(греческ,манг/чиа)140г",3.0,г,140.0,1.67,5.01
edostavka,Check-000046.pdf,2025-09-23 21:42:41,"Вафли""СПАРТАК""(Черноморские ф/пак)216г",1.0,г,216.0,3.85,3.85
edostavka,Check-000046.pdf,2025-09-23 21:42:41,"Йогурт""TEOS""2%(греческ,вишня,стак)140г",2.0,г,140.0,1.67,3.34
edostavka,Check-000046.pdf,2025-09-23 21:42:41,Капуста белокочанная(урожай 2025)РБ 1кг,2.255,кг,1.0,0.91,2.05
edostavka,Check-000047.pdf,2025-10-04 19:57:36,"Вареники""БАБУШКА АНЯ""(с творогом)430г",3.0,г,430.0,4.55,13.65
edostavka,Check-000047.pdf,2025-10-04 19:57:36,"Сардельки""РИМСКИЕ""(в/с,цб,в/у)390г",2.0,г,390.0,6.73,13.46
edostavka,Check-000047.pdf,2025-10-04 19:57:36,"Огурцы марин.""VELES"" (целые,6-9см)700г",2.0,г,,6.13,12.26
edostavka,Check-000047.pdf,2025-10-04 19:57:36,"Молоко""ЗДРАВУШКА""3.2%(стер,ТБА)1л",4.0,л,1.0,3.05,12.2
edostavka,Check-000047.pdf,2025-10-04 19:57:36,"Сыр твор.""BONFESTO КРЕМЧИЗ""70%,500г",1.0,г,500.0,12.05,12.05
edostavka,Check-000047.pdf,2025-10-04 19:57:36,"Тыква Сампсон F1, 1кг",2.63,кг,1.0,3.79,9.97
edostavka,Check-000047.pdf,2025-10-04 19:57:36,"Молоко""ЗДРАВУШКА""3.2%(паст,ПЭТ)0.93 л",3.0,л,0.93,2.9,8.7
edostavka,Check-000047.pdf,2025-10-04 19:57:36,"Горошек зел.конс. ""GUSTO"" (ст/б) 460г",2.0,г,460.0,3.93,7.86
edostavka,Check-000047.pdf,2025-10-04 19:57:36,"Йогурт""TEOS""2%(греческ,манг/чиа)140г",4.0,г,140.0,1.67,6.68
edostavka,Check-000047.pdf,2025-10-04 19:57:36,"Перец горошек""GURMINA""(душистый)20г",1.0,г,20.0,4.45,4.45
edostavka,Check-000047.pdf,2025-10-04 19:57:36,Картофель фас АгроБуМа 1кг,1.988,кг,1.0,1.79,3.56
edostavka,Check-000047.pdf,2025-10-04 19:57:36,Творог 18% 200г,1.0,г,200.0,2.89,2.89
edostavka,Check-000047.pdf,2025-10-04 19:57:36,Молоко 2.5% 1л,0.93,л,1.0,2.89,2.69
edostavka,Check-000047.pdf,2025-10-04 19:57:36,"Батон нарез.""ДЛЯ ВАШЕЙ СЕМЬИ""(в/с)240г",2.0,г,240.0,1.19,2.38
edostavka,Check-000047.pdf,2025-10-04 19:57:36,Чеснок 1кг,0.22,кг,1.0,8.35,1.84
edostavka,Check-000048.pdf,2025-10-09 06:47:40,"Яйцо куриное (С-0,х10)",4.0,шт,,3.7,14.8
edostavka,Check-000048.pdf,2025-10-09 06:47:40,"Творог""ЗДРАВУШКА""9%,200г",6.0,г,200.0,2.38,14.28
edostavka,Check-000048.pdf,2025-10-09 06:47:40,"Филе большое цыпленка бройлера охлажденное ""ПЕТРУХА""(фасованое)850г",1.0,г,850.0,13.17,13.17
edostavka,Check-000048.pdf,2025-10-09 06:47:40,"Молоко""ЗДРАВУШКА""3.2%(стер,ТБА)1л",4.0,л,1.0,3.05,12.2
edostavka,Check-000048.pdf,2025-10-09 06:47:40,"Молоко""ЗДРАВУШКА""3.2%(паст,ПЭТ)0.93 л",4.0,л,0.93,2.9,11.6
edostavka,Check-000048.pdf,2025-10-09 06:47:40,"Вареники""БАБУШКА АНЯ""(с творогом)430г",2.0,г,430.0,4.55,9.1
edostavka,Check-000048.pdf,2025-10-09 06:47:40,"Кекс с шоколадной крошкой ""ОТ ШЕФА"" 320г",1.0,г,320.0,8.19,8.19
edostavka,Check-000048.pdf,2025-10-09 06:47:40,"Вафли""СПАРТАК""(Черноморские ф/пак)216г",2.0,г,216.0,3.84,7.68
edostavka,Check-000048.pdf,2025-10-09 06:47:40,"Сливки""РОГАЧЕВЪ""20% (питьев.стерил)0.2л",3.0,л,0.2,2.49,7.47
edostavka,Check-000048.pdf,2025-10-09 06:47:40,"Виноград""КИШМИШ""1кг",1.186,кг,1.0,5.96,7.07
edostavka,Check-000048.pdf,2025-10-09 06:47:40,"Сардельки""РИМСКИЕ""(в/с,цб,в/у)390г",1.0,г,390.0,6.73,6.73
edostavka,Check-000048.pdf,2025-10-09 06:47:40,Шампиньоны б/зам. (резаные)1кг,1.1,кг,1.0,6.09,6.7
edostavka,Check-000048.pdf,2025-10-09 06:47:40,"Йогурт""TEOS""2%(греческ,манг/чиа)140г",4.0,г,140.0,1.67,6.68
edostavka,Check-000048.pdf,2025-10-09 06:47:40,"Йогурт""TEOS""2%(греческ,вишня,стак)140г",4.0,г,140.0,1.67,6.68
edostavka,Check-000048.pdf,2025-10-09 06:47:40,Банан 1кг,1.146,кг,1.0,5.79,6.64
edostavka,Check-000048.pdf,2025-10-09 06:47:40,"Набор пирожных""ИТ МИ""(эклер.с помад)225г",1.0,г,225.0,6.49,6.49
edostavka,Check-000048.pdf,2025-10-09 06:47:40,Баклажан грунтовой 1 кг,0.943,кг,1.0,6.29,5.93
edostavka,Check-000048.pdf,2025-10-09 06:47:40,"Яблоки сорт ""ПАМЯТИ СЮБАРОВОЙ"" 1 кг",1.247,кг,1.0,4.68,5.84
edostavka,Check-000048.pdf,2025-10-09 06:47:40,"Салат""GUSTO""(морковь по-корей)850г",1.0,г,850.0,5.69,5.69
edostavka,Check-000048.pdf,2025-10-09 06:47:40,Картофель фас АгроБуМа 1кг,2.937,кг,1.0,1.79,5.26
edostavka,Check-000048.pdf,2025-10-09 06:47:40,"Колечки""ПОСОЛЬСКИЕ""(с морск.солью)500г",1.0,г,500.0,4.85,4.85
edostavka,Check-000048.pdf,2025-10-09 06:47:40,Кабачок 1кг,0.718,кг,1.0,6.29,4.52
edostavka,Check-000048.pdf,2025-10-09 06:47:40,"Яблоко ""БЕЛОРУССКОЕ СЛАДКОЕ""РБ 1кг",1.158,кг,1.0,3.85,4.46
edostavka,Check-000048.pdf,2025-10-09 06:47:40,Печенье сахарное 250г,2.0,г,250.0,2.15,4.3
edostavka,Check-000048.pdf,2025-10-09 06:47:40,Лук зеленый(свежий)70 г,1.0,г,70.0,2.59,2.59
edostavka,Check-000048.pdf,2025-10-09 06:47:40,"Слойка ""СЛИВОЧНАЯ С МАКОМ"" 75г",1.0,г,75.0,2.39,2.39
edostavka,Check-000048.pdf,2025-10-09 06:47:40,Пирожное эклер 80г,1.0,г,80.0,1.85,1.85
edostavka,Check-000049.pdf,2025-10-16 23:50:24,"Молоко""ЗДРАВУШКА""3.4- 6%(паст,ПЭТ)0.93 л",4.0,л,0.93,3.11,12.44
edostavka,Check-000049.pdf,2025-10-16 23:50:24,"Молоко""ЗДРАВУШКА""3.2%(стер,ТБА)1л",4.0,л,1.0,3.05,12.2
edostavka,Check-000049.pdf,2025-10-16 23:50:24,"Огурцы марин.""VELES"" (целые,6-9см)700г",2.0,г,,6.06,12.12
edostavka,Check-000049.pdf,2025-10-16 23:50:24,Фарш свинина-курица (заморож)1/500,1.0,шт,500.0,11.99,11.99
edostavka,Check-000049.pdf,2025-10-16 23:50:24,"Масло сл/сл""СЛАВ.ТРАДИЦИИ""82.5%,180г",2.0,г,180.0,5.61,11.22
edostavka,Check-000049.pdf,2025-10-16 23:50:24,"Мак.изд""BARILLA""(филини вермичелли)450г",2.0,г,450.0,4.73,9.46
edostavka,Check-000049.pdf,2025-10-16 23:50:24,Фарш куриный 500г,1.0,г,500.0,8.99,8.99
edostavka,Check-000049.pdf,2025-10-16 23:50:24,"Пирожное ""ЭКЛЕР ИТ МИ"" (масл/вар.сг)250г",1.0,г,250.0,8.39,8.39
edostavka,Check-000049.pdf,2025-10-16 23:50:24,"Вафли""СПАРТАК""(Черноморские ф/пак)216г",2.0,г,216.0,3.84,7.68
edostavka,Check-000049.pdf,2025-10-16 23:50:24,Дыня 1кг (1.8-2.0 кг),2.79,кг,1.0,2.49,6.95
edostavka,Check-000049.pdf,2025-10-16 23:50:24,Банан 1кг,1.203,кг,1.0,5.59,6.72
edostavka,Check-000049.pdf,2025-10-16 23:50:24,"Йогурт""TEOS""2%(греческ,манг/чиа)140г",4.0,г,140.0,1.67,6.68
edostavka,Check-000049.pdf,2025-10-16 23:50:24,"Йогурт""TEOS""2%(греческ,вишня,стак)140г",4.0,г,140.0,1.67,6.68
edostavka,Check-000049.pdf,2025-10-16 23:50:24,"Кетчуп""МАХЕЕВЪ""(Татарский)500г",1.0,г,500.0,5.95,5.95
edostavka,Check-000049.pdf,2025-10-16 23:50:24,"Вафли""ВОСТОЧНЫЕ""(микс)210г",1.0,г,210.0,5.86,5.86
edostavka,Check-000049.pdf,2025-10-16 23:50:24,"Мак. изд.""BARILLA""(пенне ригате) 450г",1.0,г,450.0,5.49,5.49
edostavka,Check-000049.pdf,2025-10-16 23:50:24,"Кукуруза конс.""GREEN RAY""(б/сахар)425 мл",1.0,л,425.0,5.27,5.27
edostavka,Check-000049.pdf,2025-10-16 23:50:24,"Яблоко""СЯБРИНА""РБ(65+,1 кат)1кг",1.166,кг,,4.49,5.24
edostavka,Check-000049.pdf,2025-10-16 23:50:24,"Мак.изд""BARILLA""(джирандоле)450г",1.0,г,450.0,4.73,4.73
edostavka,Check-000049.pdf,2025-10-16 23:50:24,"Мак.изд""BARILLA""(ризони) 450г",1.0,г,450.0,4.73,4.73
edostavka,Check-000049.pdf,2025-10-16 23:50:24,"Мак.изд""BARILLA""(пипе ригате) 450г",1.0,г,450.0,4.73,4.73
edostavka,Check-000049.pdf,2025-10-16 23:50:24,"Мак.изд""BARILLA""(киффери ригате)450г",1.0,г,450.0,4.73,4.73
edostavka,Check-000049.pdf,2025-10-16 23:50:24,"Батон нарез.""ДЛЯ ВАШЕЙ СЕМЬИ""(в/с)240г",2.0,г,240.0,1.19,2.38
edostavka,Check-000049.pdf,2025-10-16 23:50:24,Творожок детский 100г,2.0,г,100.0,1.06,2.12
edostavka,Check-000050.pdf,2025-10-25 21:34:33,Сыр полутвердый 45% 200г,4.0,г,200.0,4.85,19.4
edostavka,Check-000050.pdf,2025-10-25 21:34:33,"Сардельки""РИМСКИЕ""(в/с,цб,в/у)390г",2.0,г,390.0,6.73,13.46
edostavka,Check-000050.pdf,2025-10-25 21:34:33,"Филе большое цыпленка бройлера охлажденное ""ПЕТРУХА""(фасованое)850г",1.0,г,850.0,13.17,13.17
edostavka,Check-000050.pdf,2025-10-25 21:34:33,"Молоко""ЗДРАВУШКА""3.4- 6%(паст,ПЭТ)0.93 л",4.0,л,0.93,3.11,12.44
edostavka,Check-000050.pdf,2025-10-25 21:34:33,Творог зерненый 5% 200г,4.0,г,200.0,2.55,10.2
edostavka,Check-000050.pdf,2025-10-25 21:34:33,Макароны спиральки 400г,3.0,г,400.0,3.29,9.87
edostavka,Check-000050.pdf,2025-10-25 21:34:33,Огурец колючий (45+)1кг,1.084,кг,1.0,8.99,9.75
edostavka,Check-000050.pdf,2025-10-25 21:34:33,Мандарин 1 кг,0.655,кг,1.0,14.09,9.23
edostavka,Check-000050.pdf,2025-10-25 21:34:33,Сок яблочный 1л,2.013,л,1.0,3.99,8.03
edostavka,Check-000050.pdf,2025-10-25 21:34:33,Каша молочная 250г,2.0,г,250.0,3.85,7.7
edostavka,Check-000050.pdf,2025-10-25 21:34:33,"Яйцо куриное (С-0,х10)",2.0,шт,,3.7,7.4
edostavka,Check-000050.pdf,2025-10-25 21:34:33,Картофель мытый (фас)1кг РБ,2.5,кг,1.0,2.69,6.73
edostavka,Check-000050.pdf,2025-10-25 21:34:33,"Йогурт""TEOS""2%(греческ,манг/чиа)140г",4.0,г,140.0,1.67,6.68
edostavka,Check-000050.pdf,2025-10-25 21:34:33,"Яблоко ""ГОЛДЕН ДЕЛИШЕС"" (фас) РБ1кг",0.95,кг,1.0,6.99,6.64
edostavka,Check-000050.pdf,2025-10-25 21:34:33,"Набор пирожных""ИТ МИ""(эклер.с помад)225г",1.0,г,225.0,6.49,6.49
edostavka,Check-000050.pdf,2025-10-25 21:34:33,"Молоко""ЗДРАВУШКА""3.2%(стер,ТБА)1л",2.0,л,1.0,3.05,6.1
edostavka,Check-000050.pdf,2025-10-25 21:34:33,"Огурцы марин.""VELES"" (целые,6-9см)700г",1.0,г,,5.99,5.99
edostavka,Check-000050.pdf,2025-10-25 21:34:33,"Масло сл/сл""СЛАВ.ТРАДИЦИИ""82.5%,180г",1.0,г,180.0,5.61,5.61
edostavka,Check-000050.pdf,2025-10-25 21:34:33,Яблоко ПАМЯТИ КОВАЛЕНКО 1 кг,1.183,кг,1.0,4.59,5.43
edostavka,Check-000050.pdf,2025-10-25 21:34:33,"Йогурт""TEOS""2%(греческ,вишня,стак)140г",3.0,г,140.0,1.67,5.01
edostavka,Check-000050.pdf,2025-10-25 21:34:33,Гранат 1 кг,0.407,кг,1.0,10.99,4.47
edostavka,Check-000050.pdf,2025-10-25 21:34:33,"Сметана ""ЗДРАВУШКА""24% (пленка)400г",1.0,г,400.0,4.06,4.06
edostavka,Check-000050.pdf,2025-10-25 21:34:33,"Крупа манная""СТОЛ.МЕЛЬНИЦА""(бум.пак)1кг",2.0,кг,1.0,2.02,4.04
edostavka,Check-000050.pdf,2025-10-25 21:34:33,"Вафли""СПАРТАК""(Черноморские ф/пак)216г",1.0,г,216.0,3.84,3.84
edostavka,Check-000050.pdf,2025-10-25 21:34:33,Мыло туалетное 100г,3.0,г,100.0,1.19,3.57
edostavka,Check-000050.pdf,2025-10-25 21:34:33,"Мука пшен.""ЛИДСКАЯ""(М54-28 в/с)2кг",1.0,кг,,3.45,3.45
edostavka,Check-000050.pdf,2025-10-25 21:34:33,"Морковь мытая (урожай 2025) РБ, 1 кг",1.13,кг,1.0,1.99,2.25
edostavka,Check-000050.pdf,2025-10-25 21:34:33,"Батон нарез.""ДЛЯ ВАШЕЙ СЕМЬИ""(в/с)240г",1.0,г,240.0,1.19,1.19
edostavka,Check-000051.pdf,2025-11-06 18:05:08,"Яблоко ""ПРИМА РУЖ"" (Молдова) 1 кг",2.106,кг,1.0,5.99,12.61
edostavka,Check-000051.pdf,2025-11-06 18:05:08,"Молоко""ЗДРАВУШКА""3.4- 6%(паст,ПЭТ)0.93 л",4.0,л,0.93,3.11,12.44
edostavka,Check-000051.pdf,2025-11-06 18:05:08,"Готовый зав.""ВИТЬБА""(ракуш,шок.глаз)400г",2.0,г,400.0,6.19,12.38
edostavka,Check-000051.pdf,2025-11-06 18:05:08,Виноград зеленый 1кг,1.617,кг,1.0,7.49,12.11
edostavka,Check-000051.pdf,2025-11-06 18:05:08,"Мандарин, 1кг",1.229,кг,1.0,8.83,10.85
edostavka,Check-000051.pdf,2025-11-06 18:05:08,"Йогурт""TEOS""2%(греческ,черника)250г",4.0,г,250.0,2.68,10.72
edostavka,Check-000051.pdf,2025-11-06 18:05:08,Макароны 450г,2.0,г,450.0,4.73,9.46
edostavka,Check-000051.pdf,2025-11-06 18:05:08,"Молоко""ЗДРАВУШКА""3.2%(стер,ТБА)1л",3.0,л,1.0,3.05,9.15
edostavka,Check-000051.pdf,2025-11-06 18:05:08,"Мандарин""НАДАРКОТ""1кг",1.193,кг,1.0,7.57,9.03
edostavka,Check-000051.pdf,2025-11-06 18:05:08,"Напиток к/м""EXP.BIO- SKYR""(дыня)0.5кг",2.0,кг,0.5,4.49,8.98
edostavka,Check-000051.pdf,2025-11-06 18:05:08,"Напиток к/м""EXP.NORM-PRO""(виш- чер)0.5кг",3.0,кг,0.5,2.99,8.97
edostavka,Check-000051.pdf,2025-11-06 18:05:08,Сыр плавленый 55% 180г,3.0,г,180.0,2.95,8.85
edostavka,Check-000051.pdf,2025-11-06 18:05:08,"Напиток к/м""EXP.HIGH- PRO""(мал/бан)0.25кг",2.0,кг,0.25,4.39,8.78
edostavka,Check-000051.pdf,2025-11-06 18:05:08,Томат 1 кг,0.951,кг,1.0,8.79,8.36
edostavka,Check-000051.pdf,2025-11-06 18:05:08,Мандарин 1 кг,1.357,кг,1.0,5.59,7.59
edostavka,Check-000051.pdf,2025-11-06 18:05:08,Сыр Моцарелла 45% 250г,1.0,г,250.0,7.49,7.49
edostavka,Check-000051.pdf,2025-11-06 18:05:08,"Сельдь""МАТИАС""(филе,делик,отборн)300г",1.0,г,300.0,7.09,7.09
edostavka,Check-000051.pdf,2025-11-06 18:05:08,"Йогурт""TEOS""2%(греческ,вишня,стак)140г",4.0,г,140.0,1.69,6.76
edostavka,Check-000051.pdf,2025-11-06 18:05:08,"Йогурт""TEOS""2%(греческ,манг/чиа)140г",4.0,г,140.0,1.69,6.76
edostavka,Check-000051.pdf,2025-11-06 18:05:08,"Напиток к/м""EXP.NORM-PRO""(перс- абр)0.5кг",2.0,кг,0.5,2.99,5.98
edostavka,Check-000051.pdf,2025-11-06 18:05:08,Банан 1кг,1.196,кг,1.0,4.99,5.97
edostavka,Check-000051.pdf,2025-11-06 18:05:08,"Груша""КОМИС""1кг",0.996,кг,1.0,5.79,5.77
edostavka,Check-000051.pdf,2025-11-06 18:05:08,"Масло сл/сл""СЛАВ.ТРАДИЦИИ""82.5%,180г",1.0,г,180.0,5.61,5.61
edostavka,Check-000051.pdf,2025-11-06 18:05:08,"Яблоко ""ЛИГОЛЬ"" РБ 1кг",1.187,кг,1.0,4.49,5.33
edostavka,Check-000051.pdf,2025-11-06 18:05:08,"Готовый зав.""ХРУТКА""(шоколад)210г",1.0,г,210.0,5.25,5.25
edostavka,Check-000051.pdf,2025-11-06 18:05:08,Гранат 1 кг,0.461,кг,1.0,10.99,5.07
edostavka,Check-000051.pdf,2025-11-06 18:05:08,"Картофель (для варки,шт)3кг",1.0,кг,3.0,4.79,4.79
edostavka,Check-000051.pdf,2025-11-06 18:05:08,"Готовый зав.""ВИТЬБА""(ракуш,шок.глаз)250г",1.0,г,250.0,4.45,4.45
edostavka,Check-000051.pdf,2025-11-06 18:05:08,"Напиток к/м""EXP.HIGH- PRO""(лим.чиз)0.25кг",1.0,кг,0.25,4.39,4.39
edostavka,Check-000051.pdf,2025-11-06 18:05:08,"Сметана ""ЗДРАВУШКА""24% (пленка)400г",1.0,г,400.0,4.06,4.06
edostavka,Check-000051.pdf,2025-11-06 18:05:08,"Йогурт""TEOS""2%(греческ,клубник,стак)140г",2.0,г,140.0,1.69,3.38
edostavka,Check-000051.pdf,2025-11-06 18:05:08,"Батон нарез.""ДЛЯ ВАШЕЙ СЕМЬИ""(в/с)240г",1.0,г,240.0,1.21,1.21
edostavka,Check-000052.pdf,2025-11-16 22:46:41,"Сардельки""РИМСКИЕ""(в/с,цб,в/у)390г",2.0,г,390.0,6.73,13.46
edostavka,Check-000052.pdf,2025-11-16 22:46:41,"Филе большое цыпленка бройлера охлажденное ""ПЕТРУХА""(фасованое)850г",1.0,г,850.0,13.17,13.17
edostavka,Check-000052.pdf,2025-11-16 22:46:41,"Молоко""ЗДРАВУШКА""3.2%(стер,ТБА)1л",4.0,л,1.0,3.05,12.2
edostavka,Check-000052.pdf,2025-11-16 22:46:41,"Яйцо куриное ""OMEGGA"" (С-1, 10шт)",3.0,шт,10.0,3.93,11.79
edostavka,Check-000052.pdf,2025-11-16 22:46:41,"Масло сл/сл""СЛАВ.ТРАДИЦИИ""82.5%,180г",2.0,г,180.0,5.61,11.22
edostavka,Check-000052.pdf,2025-11-16 22:46:41,"Бекон св.""КЛАССИЧЕСКИЙ""(с/к)300г",1.0,г,300.0,10.29,10.29
edostavka,Check-000052.pdf,2025-11-16 22:46:41,Груша свежая РБ 1 кг,1.619,кг,1.0,5.65,9.15
edostavka,Check-000052.pdf,2025-11-16 22:46:41,"Мандарин, 1кг",1.103,кг,1.0,7.99,8.81
edostavka,Check-000052.pdf,2025-11-16 22:46:41,"Напиток к/м""EXP.HIGH- PRO""(мал/бан)0.25кг",2.0,кг,0.25,4.39,8.78
edostavka,Check-000052.pdf,2025-11-16 22:46:41,"Напиток к/м""EXP.HIGH- PRO""(лим.чиз)0.25кг",2.0,кг,0.25,4.39,8.78
edostavka,Check-000052.pdf,2025-11-16 22:46:41,"Хурма ""ШАРОН"" (Испания/Испания) 1 кг",0.998,кг,1.0,8.59,8.57
edostavka,Check-000052.pdf,2025-11-16 22:46:41,Майонез 400мл,2.394,л,0.4,3.49,8.36
edostavka,Check-000052.pdf,2025-11-16 22:46:41,Мандарин 1 кг,1.362,кг,1.0,5.99,8.16
edostavka,Check-000052.pdf,2025-11-16 22:46:41,"Тыква""КРАУН ПРИНЦ""(Беларусь)1кг",3.124,кг,1.0,2.59,8.09
edostavka,Check-000052.pdf,2025-11-16 22:46:41,"Грудинка в/к""ПРЕМИУМ""(мс,ивак)Остан 150г",1.0,г,150.0,7.29,7.29
edostavka,Check-000052.pdf,2025-11-16 22:46:41,Томат (Беларусь)1кг,0.954,кг,1.0,7.56,7.21
edostavka,Check-000052.pdf,2025-11-16 22:46:41,"Огурец колючий, 1 кг",0.862,кг,1.0,8.09,6.97
edostavka,Check-000052.pdf,2025-11-16 22:46:41,"Йогурт""TEOS""2%(греческ,манг/чиа)140г",4.0,г,140.0,1.69,6.76
edostavka,Check-000052.pdf,2025-11-16 22:46:41,"Готовый зав.""ВИТЬБА""(хлопья кук.гл)330г",2.0,г,330.0,3.35,6.7
edostavka,Check-000052.pdf,2025-11-16 22:46:41,"Набор пирожных""ИТ МИ""(эклер.с помад)225г",1.0,г,225.0,6.49,6.49
edostavka,Check-000052.pdf,2025-11-16 22:46:41,"Авокадо ""SOZRELLO"" (зрелое,фас.) 2шт",1.0,шт,2.0,5.99,5.99
edostavka,Check-000052.pdf,2025-11-16 22:46:41,"Напиток к/м""EXP.NORM-PRO""(виш- чер)0.5кг",2.0,кг,0.5,2.99,5.98
edostavka,Check-000052.pdf,2025-11-16 22:46:41,"Напиток к/м""EXP.NORM-PRO""(перс- абр)0.5кг",2.0,кг,0.5,2.99,5.98
edostavka,Check-000052.pdf,2025-11-16 22:46:41,Мандарин (бейби) Китай 1кг,0.995,кг,1.0,5.99,5.96
edostavka,Check-000052.pdf,2025-11-16 22:46:41,Банан 1кг,1.191,кг,1.0,4.69,5.59
edostavka,Check-000052.pdf,2025-11-16 22:46:41,Банан зеленый 1кг,1.187,кг,1.0,4.69,5.57
edostavka,Check-000052.pdf,2025-11-16 22:46:41,"Йогурт""TEOS""2%(греческ,черника)250г",2.0,г,250.0,2.68,5.36
edostavka,Check-000052.pdf,2025-11-16 22:46:41,"Яблоко""ХАНИ КРИСП""(Беларусь)1кг",1.17,кг,1.0,4.43,5.18
edostavka,Check-000052.pdf,2025-11-16 22:46:41,"Йогурт""TEOS""2%(греческ,вишня,стак)140г",3.0,г,140.0,1.69,5.07
edostavka,Check-000052.pdf,2025-11-16 22:46:41,"Йогурт""TEOS""2%(греческ,клубник,стак)140г",3.0,г,140.0,1.69,5.07
edostavka,Check-000052.pdf,2025-11-16 22:46:41,"Груша ""РЕД ФРАГРАНС"" 1 кг",0.712,кг,1.0,6.75,4.81
edostavka,Check-000052.pdf,2025-11-16 22:46:41,"Яблоко""ГОЛДЕН ДЕЛИШЕС"" РБ1кг",1.003,кг,1.0,4.59,4.6
edostavka,Check-000052.pdf,2025-11-16 22:46:41,"Сметана ""ЗДРАВУШКА""24% (пленка)400г",1.0,г,400.0,4.06,4.06
edostavka,Check-000052.pdf,2025-11-16 22:46:41,"Готовый зав.""ВИТЬБА""(хлопья кук.зол)330г",1.0,г,330.0,4.05,4.05
edostavka,Check-000052.pdf,2025-11-16 22:46:41,Яблоко Гренни Смит 1кг,0.585,кг,1.0,5.99,3.5
edostavka,Check-000052.pdf,2025-11-16 22:46:41,"Морковь мытая (урожай 2025) РБ, 1 кг",1.193,кг,1.0,2.39,2.85
edostavka,Check-000052.pdf,2025-11-16 22:46:41,Сок детский 0.2л,1.981,л,0.2,1.29,2.56
edostavka,Check-000052.pdf,2025-11-16 22:46:41,Лук репчатый (урожай 2025) РБ 1кг,1.251,кг,1.0,1.65,2.06
edostavka,Check-000052.pdf,2025-11-16 22:46:41,"Батон нарез.""ДЛЯ ВАШЕЙ СЕМЬИ""(в/с)240г",1.0,г,240.0,1.21,1.21
edostavka,Check-000053.pdf,2025-11-23 07:55:12,"Кукуруза конс.""GREEN RAY""(б/сахар)425 мл",2.0,л,425.0,6.4,12.8
edostavka,Check-000053.pdf,2025-11-23 07:55:12,"Готовый зав.""ВИТЬБА""(хлопья кук.зол)330г",3.0,г,330.0,4.25,12.75
edostavka,Check-000053.pdf,2025-11-23 07:55:12,"Молоко""ЗДРАВУШКА""3.4- 6%(паст,ПЭТ)0.93 л",4.0,л,0.93,3.15,12.6
edostavka,Check-000053.pdf,2025-11-23 07:55:12,"Яйцо куриное цв.""ЗЛАТКО""(С- 0,х10)Баранов",3.0,шт,,4.09,12.27
edostavka,Check-000053.pdf,2025-11-23 07:55:12,"Молоко""ЗДРАВУШКА""3.2%(стер,ТБА)1л",4.0,л,1.0,3.05,12.2
edostavka,Check-000053.pdf,2025-11-23 07:55:12,Клементин(Италия) 1 кг,1.18,кг,1.0,8.49,10.02
edostavka,Check-000053.pdf,2025-11-23 07:55:12,"Мак.изд""BARILLA""(ризони) 450г",2.0,г,450.0,4.73,9.46
edostavka,Check-000053.pdf,2025-11-23 07:55:12,"Мак.изд""BARILLA""(филини вермичелли)450г",2.0,г,450.0,4.73,9.46
edostavka,Check-000053.pdf,2025-11-23 07:55:12,"Вафли ""ЯШКИНО"" (с нач.карамель) РФ 290г",2.0,г,290.0,4.59,9.18
edostavka,Check-000053.pdf,2025-11-23 07:55:12,"Напиток к/м""EXP.NORM-PRO""(виш- чер)0.5кг",3.0,кг,0.5,2.99,8.97
edostavka,Check-000053.pdf,2025-11-23 07:55:12,"Напиток к/м""EXP.HIGH- PRO""(лим.чиз)0.25кг",2.0,кг,0.25,4.39,8.78
edostavka,Check-000053.pdf,2025-11-23 07:55:12,"Напиток к/м""EXP.HIGH- PRO""(мал/бан)0.25кг",2.0,кг,0.25,4.39,8.78
edostavka,Check-000053.pdf,2025-11-23 07:55:12,Зефир бело-розовый 200г,3.0,г,200.0,2.69,8.07
edostavka,Check-000053.pdf,2025-11-23 07:55:12,Редис 1кг,1.273,кг,1.0,5.99,7.63
edostavka,Check-000053.pdf,2025-11-23 07:55:12,Масло подсолнечное 1л,1.273,л,1.0,5.49,6.99
edostavka,Check-000053.pdf,2025-11-23 07:55:12,"Йогурт""TEOS""2%(греческ,манг/чиа)140г",4.0,г,140.0,1.69,6.76
edostavka,Check-000053.pdf,2025-11-23 07:55:12,"Набор пирожных""ИТ МИ""(эклер.с помад)225г",1.0,г,225.0,6.49,6.49
edostavka,Check-000053.pdf,2025-11-23 07:55:12,Мандарин (бейби) Китай 1кг,0.998,кг,1.0,6.39,6.38
edostavka,Check-000053.pdf,2025-11-23 07:55:12,"Напиток к/м""EXP.NORM-PRO""(перс- абр)0.5кг",2.0,кг,0.5,2.99,5.98
edostavka,Check-000053.pdf,2025-11-23 07:55:12,Банан 1кг,1.136,кг,1.0,5.19,5.9
edostavka,Check-000053.pdf,2025-11-23 07:55:12,"ГЗ Яблоко ""ЗАСЛАВСКОЕ"" 1кг",1.177,кг,1.0,4.8,5.65
edostavka,Check-000053.pdf,2025-11-23 07:55:12,"Масло сл/сл""СЛАВ.ТРАДИЦИИ""82.5%,180г",1.0,г,180.0,5.61,5.61
edostavka,Check-000053.pdf,2025-11-23 07:55:12,Лимон «Майер» 1 кг,0.498,кг,1.0,9.89,4.93
edostavka,Check-000053.pdf,2025-11-23 07:55:12,"Картофель (для варки,шт)3кг",1.0,кг,3.0,4.84,4.84
edostavka,Check-000053.pdf,2025-11-23 07:55:12,"Мак.изд""BARILLA""(киффери ригате)450г",1.0,г,450.0,4.73,4.73
edostavka,Check-000053.pdf,2025-11-23 07:55:12,"Крупа гречневая""ЭКОЛАЙН""900г",2.0,г,900.0,2.35,4.7
edostavka,Check-000053.pdf,2025-11-23 07:55:12,"Соль""ЭКОЛАЙН""(морская new,помол №0)1кг",1.0,кг,1.0,4.39,4.39
edostavka,Check-000053.pdf,2025-11-23 07:55:12,"Соль""ЭКОЛАЙН""(морская new,помол №3)1кг",1.0,кг,1.0,4.39,4.39
edostavka,Check-000053.pdf,2025-11-23 07:55:12,"Крупа рис.""ЭКОЛАЙН""(янтар.пропар)900г",1.0,г,900.0,4.19,4.19
edostavka,Check-000053.pdf,2025-11-23 07:55:12,"Сметана ""ЗДРАВУШКА""24% (пленка)400г",1.0,г,400.0,4.06,4.06
edostavka,Check-000053.pdf,2025-11-23 07:55:12,Гранат 1 кг,0.349,кг,1.0,9.99,3.49
edostavka,Check-000053.pdf,2025-11-23 07:55:12,Грейпфрут красный 1кг,0.459,кг,1.0,7.39,3.39
edostavka,Check-000053.pdf,2025-11-23 07:55:12,"Крупа рис.""GUSTO BRAVO""(круглоз.)800г",1.0,г,800.0,3.03,3.03
edostavka,Check-000053.pdf,2025-11-23 07:55:12,Киви 1кг,0.338,кг,1.0,8.49,2.87
edostavka,Check-000053.pdf,2025-11-23 07:55:12,Печенье сахарное 250г,1.0,г,250.0,2.15,2.15
edostavka,Check-000053.pdf,2025-11-23 07:55:12,"Батон нарез.""ДЛЯ ВАШЕЙ СЕМЬИ""(в/с)240г",1.0,г,240.0,1.21,1.21
edostavka,Check-000054.pdf,2025-12-03 19:33:06,Виноград зеленый 1кг,2.331,кг,1.0,7.49,17.46
edostavka,Check-000054.pdf,2025-12-03 19:33:06,Фарш индейка-курица (зам.) 1/500,1.0,шт,500.0,15.79,15.79
edostavka,Check-000054.pdf,2025-12-03 19:33:06,"Фарш охл.""ФИЛЕЙНЫЙ""(лоток)1кг",0.967,кг,1.0,15.69,15.17
edostavka,Check-000054.pdf,2025-12-03 19:33:06,"Сельдь""МАТИАС""(филе,делик,отборн)300г",2.0,г,300.0,7.44,14.88
edostavka,Check-000054.pdf,2025-12-03 19:33:06,Груша 1кг,2.286,кг,1.0,6.49,14.84
edostavka,Check-000054.pdf,2025-12-03 19:33:06,"Сардельки""РИМСКИЕ""(в/с,цб,в/у)390г",2.0,г,390.0,6.73,13.46
edostavka,Check-000054.pdf,2025-12-03 19:33:06,"Напиток к/м""EXP.HIGH- PRO""(лим.чиз)0.25кг",3.0,кг,0.25,4.39,13.17
edostavka,Check-000054.pdf,2025-12-03 19:33:06,"Напиток к/м""EXP.HIGH- PRO""(мал/бан)0.25кг",3.0,кг,0.25,4.39,13.17
edostavka,Check-000054.pdf,2025-12-03 19:33:06,"Молоко""ЗДРАВУШКА""3.2%(стер,ТБА)1л",4.0,л,1.0,3.05,12.2
edostavka,Check-000054.pdf,2025-12-03 19:33:06,"Хлопья кукуруз""ВИТЬБА""(глазир,шокол)330г",2.0,г,330.0,5.05,10.1
edostavka,Check-000054.pdf,2025-12-03 19:33:06,Клементин 1кг,1.157,кг,1.0,8.15,9.43
edostavka,Check-000054.pdf,2025-12-03 19:33:06,"Фарш ""ДЛЯ ПЕЧ.ОЛАД.КЛАС.""(зам.)850 г",1.0,г,850.0,9.27,9.27
edostavka,Check-000054.pdf,2025-12-03 19:33:06,"Напиток к/м""EXP.NORM-PRO""(виш- чер)0.5кг",3.0,кг,0.5,2.99,8.97
edostavka,Check-000054.pdf,2025-12-03 19:33:06,"Готовый зав.""ВИТЬБА""(хлопья кук.зол)330г",2.0,г,330.0,4.25,8.5
edostavka,Check-000054.pdf,2025-12-03 19:33:06,"ГЗ Капуста белокочанная (ур.2025) РБ, 1к",4.557,шт,1.0,1.49,6.79
edostavka,Check-000054.pdf,2025-12-03 19:33:06,"Йогурт""TEOS""2%(греческ,манг/чиа)140г",4.0,г,140.0,1.69,6.76
edostavka,Check-000054.pdf,2025-12-03 19:33:06,Банан 1кг,1.195,кг,1.0,5.39,6.44
edostavka,Check-000054.pdf,2025-12-03 19:33:06,"Яблоко ""ПРИНЦ"" 1кг",1.198,кг,1.0,4.52,5.41
edostavka,Check-000054.pdf,2025-12-03 19:33:06,"Мак.изд.""БАРИЛЛА""(фестиви) 400г",1.0,г,400.0,5.23,5.23
edostavka,Check-000054.pdf,2025-12-03 19:33:06,"Яблоко ""ПРИМА РУЖ"" ( 1 кг",1.12,кг,1.0,4.5,5.04
edostavka,Check-000054.pdf,2025-12-03 19:33:06,Груша мелкая 1 кг,0.772,кг,1.0,6.49,5.01
edostavka,Check-000054.pdf,2025-12-03 19:33:06,Сыр полутвердый 45% 200г,1.0,г,200.0,4.85,4.85
edostavka,Check-000054.pdf,2025-12-03 19:33:06,Вафли шоколадные 200г,2.0,г,200.0,2.35,4.7
edostavka,Check-000054.pdf,2025-12-03 19:33:06,Грейпфрут красный 1кг,0.555,кг,1.0,7.27,4.03
edostavka,Check-000054.pdf,2025-12-03 19:33:06,"Йогурт""TEOS""2%(греческ,клубник,стак)140г",2.0,г,140.0,1.69,3.38
edostavka,Check-000054.pdf,2025-12-03 19:33:06,"Морковь мытая (урожай 2025) РБ, 1 кг",1.218,кг,1.0,1.59,1.94
edostavka,Check-000054.pdf,2025-12-03 19:33:06,ГЗ Свекла (Урожай 2025) РБ 1кг,1.433,кг,1.0,1.17,1.68
edostavka,Check-000054.pdf,2025-12-03 19:33:06,"Батон нарез.""ДЛЯ ВАШЕЙ СЕМЬИ""(в/с)240г",1.0,г,240.0,1.21,1.21
edostavka,Check-000054.pdf,2025-12-03 19:33:06,Кефир 2.5% 0.93л,0.362,л,0.93,2.45,0.89
edostavka,Check-000055.pdf,2025-12-08 19:12:54,"Хлопья кукуруз""ВИТЬБА""(глазир,шокол)330г",2.0,г,330.0,5.05,10.1
edostavka,Check-000055.pdf,2025-12-08 19:12:54,Клементин 1кг,1.203,кг,1.0,7.99,9.61
edostavka,Check-000055.pdf,2025-12-08 19:12:54,"Молоко""ЗДРАВУШКА""3.2%(стер,ТБА)1л",3.0,л,1.0,3.05,9.15
edostavka,Check-000055.pdf,2025-12-08 19:12:54,Сыр Пармезан 45% 150г,1.0,г,150.0,8.99,8.99
edostavka,Check-000055.pdf,2025-12-08 19:12:54,"Напиток к/м""EXP.NORM-PRO""(виш- чер)0.5кг",3.0,кг,0.5,2.99,8.97
edostavka,Check-000055.pdf,2025-12-08 19:12:54,Мандарин 1 кг,1.4,кг,1.0,6.28,8.79
edostavka,Check-000055.pdf,2025-12-08 19:12:54,"Готовый зав.""ВИТЬБА""(хлопья кук.зол)330г",2.0,г,330.0,4.25,8.5
edostavka,Check-000055.pdf,2025-12-08 19:12:54,Хурма 1кг,1.071,кг,1.0,7.59,8.13
edostavka,Check-000055.pdf,2025-12-08 19:12:54,"Апельсин (в сетке, вес)кг",1.083,кг,,7.33,7.94
edostavka,Check-000055.pdf,2025-12-08 19:12:54,"Сельдь""МАТИАС""(филе,делик,отборн)300г",1.0,г,300.0,7.44,7.44
edostavka,Check-000055.pdf,2025-12-08 19:12:54,"Йогурт""TEOS""2%(греческ,манг/чиа)140г",4.0,г,140.0,1.69,6.76
edostavka,Check-000055.pdf,2025-12-08 19:12:54,Банан 1кг,1.189,кг,1.0,4.99,5.93
edostavka,Check-000055.pdf,2025-12-08 19:12:54,Авокадо 1 кг,0.402,кг,1.0,14.49,5.82
edostavka,Check-000055.pdf,2025-12-08 19:12:54,"Яблоко ""РЕД ДЕЛИШЕС"" РБ 1кг",1.175,кг,1.0,4.95,5.82
edostavka,Check-000055.pdf,2025-12-08 19:12:54,"ГЗ Яблоко ""ЗАСЛАВСКОЕ"" 1кг",1.172,кг,1.0,4.8,5.63
edostavka,Check-000055.pdf,2025-12-08 19:12:54,"Яблоко ""БЕЛОРУССКОЕ МАЛИНОВОЕ"" РБ 1кг",1.128,кг,1.0,4.75,5.36
edostavka,Check-000055.pdf,2025-12-08 19:12:54,"Картофель (для варки,шт)3кг",1.0,кг,3.0,4.84,4.84
edostavka,Check-000055.pdf,2025-12-08 19:12:54,"Вафельный бат.""ВИТЬБА BY""(арах,м.гл)37г",5.0,г,37.0,0.9,4.5
edostavka,Check-000055.pdf,2025-12-08 19:12:54,Груша мелкая 1 кг,0.728,кг,1.0,5.99,4.36
edostavka,Check-000055.pdf,2025-12-08 19:12:54,"Сметана ""ЗДРАВУШКА""24% (пленка)400г",1.0,г,400.0,4.06,4.06
edostavka,Check-000055.pdf,2025-12-08 19:12:54,"Яйцо куриное ""ДЕРЕВЕНСКОЕ"" (С- 0,фас,х10)",1.0,шт,,4.05,4.05
edostavka,Check-000055.pdf,2025-12-08 19:12:54,"Вафельный бат.""ВИТЬБА BY""(рис,м.гл)38г",4.0,г,38.0,0.96,3.84
edostavka,Check-000055.pdf,2025-12-08 19:12:54,"Вафельный бат.""ВИТЬБА BY""(хл,мол.гл)38г",4.0,г,38.0,0.9,3.6
edostavka,Check-000055.pdf,2025-12-08 19:12:54,"Вафельный бат.""ВИТЬБА""(карамель)35г",4.0,г,35.0,0.88,3.52
edostavka,Check-000055.pdf,2025-12-08 19:12:54,Морковь мытая (пакет)1кг,1.0,кг,1.0,3.39,3.39
edostavka,Check-000055.pdf,2025-12-08 19:12:54,"Напиток к/м""EXP.NORM-PRO""(кл- вн.сл)0.5кг",1.0,кг,0.5,2.99,2.99
edostavka,Check-000055.pdf,2025-12-08 19:12:54,Сгущенное молоко 8.5% 270г,1.0,г,270.0,2.71,2.71
edostavka,Check-000055.pdf,2025-12-08 19:12:54,"Батон нарез.""ДЛЯ ВАШЕЙ СЕМЬИ""(в/с)240г",2.0,г,240.0,1.21,2.42
edostavka,Check-000055.pdf,2025-12-08 19:12:54,Морс клюквенный 0.5л,0.687,л,0.5,2.49,1.71
edostavka,Check-000056.pdf,2025-12-16 07:11:36,"Яйцо куриное С-1(бел,1х15) Кобрин",2.0,л,,6.44,12.88
edostavka,Check-000056.pdf,2025-12-16 07:11:36,"Молоко""ЗДРАВУШКА""3.4- 6%(паст,ПЭТ)0.93 л",4.0,л,0.93,3.15,12.6
edostavka,Check-000056.pdf,2025-12-16 07:11:36,"Молоко""ЗДРАВУШКА""3.2%(стер,ТБА)1л",4.0,л,1.0,3.05,12.2
edostavka,Check-000056.pdf,2025-12-16 07:11:36,"Масло сл/сл""СЛАВ.ТРАДИЦИИ""82.5%,180г",2.0,г,180.0,5.61,11.22
edostavka,Check-000056.pdf,2025-12-16 07:11:36,"Напиток к/м""EXP.HIGH-PRO""(б/л,кл)0.25кг",2.0,кг,0.25,4.59,9.18
edostavka,Check-000056.pdf,2025-12-16 07:11:36,Клементин 1кг,1.156,кг,1.0,7.89,9.12
edostavka,Check-000056.pdf,2025-12-16 07:11:36,"Напиток к/м""EXP.BIO- SKYR""(дыня)0.5кг",2.0,кг,0.5,4.49,8.98
edostavka,Check-000056.pdf,2025-12-16 07:11:36,"Напиток к/м""EXP.BIO- SKYR""(кл/кив)0.5кг",2.0,кг,0.5,4.49,8.98
edostavka,Check-000056.pdf,2025-12-16 07:11:36,"Напиток к/м""EXP.HIGH- PRO""(чер/зем)0.25кг",2.0,кг,0.25,4.39,8.78
edostavka,Check-000056.pdf,2025-12-16 07:11:36,"Напиток к/м""EXP.HIGH- PRO""(мал/бан)0.25кг",2.0,кг,0.25,4.39,8.78
edostavka,Check-000056.pdf,2025-12-16 07:11:36,Хурма 1кг,1.209,кг,1.0,6.99,8.45
edostavka,Check-000056.pdf,2025-12-16 07:11:36,"Апельсин ""ПРАЗДНИЧНЫЙ"" (сетка, вес) 1 кг",1.084,кг,1.0,7.45,8.08
edostavka,Check-000056.pdf,2025-12-16 07:11:36,Виноград черный 1кг,1.179,кг,1.0,6.39,7.53
edostavka,Check-000056.pdf,2025-12-16 07:11:36,"Йогурт""TEOS""2%(греческ,манг/чиа)140г",4.0,г,140.0,1.69,6.76
edostavka,Check-000056.pdf,2025-12-16 07:11:36,"Сардельки""РИМСКИЕ""(в/с,цб,в/у)390г",1.0,г,390.0,6.76,6.76
edostavka,Check-000056.pdf,2025-12-16 07:11:36,Банан 1кг,1.211,кг,1.0,4.99,6.04
edostavka,Check-000056.pdf,2025-12-16 07:11:36,Пряники медовые 200г,3.0,г,200.0,1.99,5.97
edostavka,Check-000056.pdf,2025-12-16 07:11:36,"Хлопья кукуруз""ВИТЬБА""(глазир,шокол)330г",1.0,г,330.0,5.05,5.05
edostavka,Check-000056.pdf,2025-12-16 07:11:36,Груша мелкая 1 кг,0.782,кг,1.0,5.99,4.68
edostavka,Check-000056.pdf,2025-12-16 07:11:36,"Яблоко ""ИМАНТ"" РБ 1 кг",1.13,кг,1.0,3.99,4.51
edostavka,Check-000056.pdf,2025-12-16 07:11:36,Банан (2категория)1кг уценка,1.096,кг,,3.89,4.26
edostavka,Check-000056.pdf,2025-12-16 07:11:36,"Яблоко ""ПОСПЕХ"" 1 кг",0.957,кг,1.0,4.09,3.91
edostavka,Check-000056.pdf,2025-12-16 07:11:36,Грейпфрут красный 1кг,0.509,кг,1.0,7.29,3.71
edostavka,Check-000056.pdf,2025-12-16 07:11:36,Творожок детский 100г,3.0,г,100.0,1.06,3.18
edostavka,Check-000056.pdf,2025-12-16 07:11:36,"Батон нарез.""ДЛЯ ВАШЕЙ СЕМЬИ""(в/с)240г",2.0,г,240.0,1.22,2.44
edostavka,Check-000057.pdf,2025-12-19 19:04:18,Лимон 1кг,2.022,кг,1.0,8.99,18.18
edostavka,Check-000057.pdf,2025-12-19 19:04:18,"Напиток к/м""EXP.HIGH- PRO""(мал/бан)0.25кг",4.0,кг,0.25,4.39,17.56
edostavka,Check-000057.pdf,2025-12-19 19:04:18,Бумага туалетная 8рул,3.0,шт,8.0,5.73,17.19
edostavka,Check-000057.pdf,2025-12-19 19:04:18,Яблоко Фуджи 1кг,2.968,кг,1.0,5.49,16.29
edostavka,Check-000057.pdf,2025-12-19 19:04:18,Фарш индейка-курица (зам.) 1/500,1.0,шт,500.0,15.79,15.79
edostavka,Check-000057.pdf,2025-12-19 19:04:18,"Рулет инд""МЯСН ОРЕХ"" (в/с,в/у,к/в)1кг",0.592,кг,1.0,24.45,14.47
edostavka,Check-000057.pdf,2025-12-19 19:04:18,"Фарш охл.""ФИЛЕЙНЫЙ""(лоток)1кг",0.889,кг,1.0,16.26,14.46
edostavka,Check-000057.pdf,2025-12-19 19:04:18,"Сардельки""РИМСКИЕ""(в/с,цб,в/у)390г",2.0,г,390.0,6.76,13.52
edostavka,Check-000057.pdf,2025-12-19 19:04:18,"Кукуруза конс.""GREEN RAY""(б/сахар)425 мл",2.0,л,425.0,6.51,13.02
edostavka,Check-000057.pdf,2025-12-19 19:04:18,"Голень ц/б зам.""ДЗЕРЖИНКА""(лот)1кг",1.222,кг,1.0,9.11,11.13
edostavka,Check-000057.pdf,2025-12-19 19:04:18,"Огурцы соленые (фас.,ведро,ПЭТ)800г",1.0,г,800.0,10.95,10.95
edostavka,Check-000057.pdf,2025-12-19 19:04:18,"Апельсин ""ПРАЗДНИЧНЫЙ"" (сетка, вес) 1 кг",1.44,кг,1.0,7.45,10.73
edostavka,Check-000057.pdf,2025-12-19 19:04:18,Клементин(Италия) 1 кг,1.123,кг,1.0,8.99,10.1
edostavka,Check-000057.pdf,2025-12-19 19:04:18,"Молоко""ЗДРАВУШКА""3.4- 6%(паст,ПЭТ)0.93 л",3.0,л,0.93,3.15,9.45
edostavka,Check-000057.pdf,2025-12-19 19:04:18,"Майонез""МАХЕЕВЪ""(переп.яйц,/п50.5%)770г",1.0,г,770.0,9.29,9.29
edostavka,Check-000057.pdf,2025-12-19 19:04:18,Хурма 1кг,1.161,кг,1.0,7.99,9.28
edostavka,Check-000057.pdf,2025-12-19 19:04:18,"Напиток к/м""EXP.NORM-PRO""(виш- чер)0.5кг",3.0,кг,0.5,2.99,8.97
edostavka,Check-000057.pdf,2025-12-19 19:04:18,Томат розовый 1кг,0.967,кг,1.0,7.99,7.73
edostavka,Check-000057.pdf,2025-12-19 19:04:18,"Ветчина""ПО- ЕВРОПЕЙСКИ""(к/в,порц,в/у)1кг",0.341,кг,1.0,21.92,7.47
edostavka,Check-000057.pdf,2025-12-19 19:04:18,Ряженка 4% 0.93л,2.448,л,0.93,2.85,6.98
edostavka,Check-000057.pdf,2025-12-19 19:04:18,"Горошек зеленый""MIKADO""(нежный)420г",2.0,г,420.0,3.44,6.88
edostavka,Check-000057.pdf,2025-12-19 19:04:18,Хурма Азербайджан 1 кг,0.964,кг,1.0,6.99,6.74
edostavka,Check-000057.pdf,2025-12-19 19:04:18,"Кетчуп""МАХЕЕВЪ""(лечо дой/пак)500г",1.0,г,500.0,5.89,5.89
edostavka,Check-000057.pdf,2025-12-19 19:04:18,"Кетчуп""МАХЕЕВЪ""(шашлычный пакет)500г",1.0,г,500.0,5.89,5.89
edostavka,Check-000057.pdf,2025-12-19 19:04:18,"Кетчуп""МАХЕЕВЪ""(Болгарский)500г",1.0,г,500.0,5.89,5.89
edostavka,Check-000057.pdf,2025-12-19 19:04:18,"Яблоко ""ГОЛДЕН ДЕЛИШЕС"" РБ 1 кг",1.169,кг,1.0,4.95,5.79
edostavka,Check-000057.pdf,2025-12-19 19:04:18,"Мaйонез""MR.RICCO""(Прованс,67%,д/п)400мл",1.0,л,400.0,5.15,5.15
edostavka,Check-000057.pdf,2025-12-19 19:04:18,"Йогурт""TEOS""2%(греческ,манг/чиа)140г",3.0,г,140.0,1.69,5.07
edostavka,Check-000057.pdf,2025-12-19 19:04:18,"Груша""КОНФЕРЕНЦИЯ""(1кг",0.986,кг,1.0,4.85,4.78
edostavka,Check-000057.pdf,2025-12-19 19:04:18,"Яблоко ""ИМАНТ"" РБ 1 кг",1.127,кг,1.0,3.99,4.5
edostavka,Check-000057.pdf,2025-12-19 19:04:18,"Напиток к/м""EXP.BIO- SKYR""(дыня)0.5кг",1.0,кг,0.5,4.49,4.49
edostavka,Check-000057.pdf,2025-12-19 19:04:18,Морковь мытая (пакет)1кг,1.0,кг,1.0,3.49,3.49
edostavka,Check-000057.pdf,2025-12-19 19:04:18,Укроп 70г,1.0,г,70.0,1.99,1.99
edostavka,Check-000057.pdf,2025-12-19 19:04:18,Лук зеленый 70 г,1.0,г,70.0,1.79,1.79
edostavka,Check-000057.pdf,2025-12-19 19:04:18,ГЗ Свекла (Урожай 2025) РБ 1кг,1.464,кг,1.0,1.17,1.71
edostavka,Check-000057.pdf,2025-12-19 19:04:18,"Йогурт""TEOS""2%(греческ,вишня,стак)140г",1.0,г,140.0,1.69,1.69
edostavka,Check-000058.pdf,2025-12-20 18:31:45,"Конс.мол.сгущ.вар""ЕГОРКА""8.5%360г",2.0,г,360.0,4.2,8.4
edostavka,Check-000058.pdf,2025-12-20 18:31:45,"Конс.мол.сгущ.""РОГАЧЕВЪ""8.5%(с/с)380г",2.0,г,380.0,4.0,8.0
edostavka,Check-000058.pdf,2025-12-20 18:31:45,"Разрыхлитель теста""ПРЯНЫЙ ДОМ""15г",4.0,г,15.0,1.49,5.96
edostavka,Check-000058.pdf,2025-12-20 18:31:45,"Мука пшен.""ЛИДСКАЯ""(М54-28 в/с)2кг",1.0,кг,,3.91,3.91
edostavka,Check-000058.pdf,2025-12-20 18:31:45,"Вафельные коржи""DELICE""(Цветочек)90г",1.0,г,90.0,3.15,3.15
edostavka,Check-000058.pdf,2025-12-20 18:31:45,"Гвоздика целая""ПРЯНЫЙ ДОМ""7г",1.0,г,7.0,2.89,2.89
edostavka,Check-000058.pdf,2025-12-20 18:31:45,"Мускатный орех молотый""ПРЯНЫЙ ДОМ""10г",1.0,г,10.0,2.29,2.29
edostavka,Check-000058.pdf,2025-12-20 18:31:45,Вода газированная 1.5л,0.967,л,1.5,1.69,1.63
edostavka,Check-000059.pdf,2025-12-31 08:48:45,"Хлопья кукуруз""ВИТЬБА""(глазир,шокол)330г",4.0,г,330.0,5.05,20.2
edostavka,Check-000059.pdf,2025-12-31 08:48:45,"П/ф свин.охл.""ДЛЯ ПАЛЯНДВИЦЫ""(газ)1кг",0.75,кг,1.0,24.98,18.74
edostavka,Check-000059.pdf,2025-12-31 08:48:45,"Сливки ""PARMALAT""35% (д/взбиван)РФ 0.5л",1.0,л,0.5,16.05,16.05
edostavka,Check-000059.pdf,2025-12-31 08:48:45,"Филе большое цыпленка бройлера охлажденное ""ПЕТРУХА""(фасованое)850г",1.0,г,850.0,13.17,13.17
edostavka,Check-000059.pdf,2025-12-31 08:48:45,"Набор пирожных""ИТ МИ""(эклер.с помад)225г",2.0,г,225.0,6.55,13.1
edostavka,Check-000059.pdf,2025-12-31 08:48:45,"Молоко""ЗДРАВУШКА""3.2%(стер,ТБА)1л",4.0,л,1.0,3.05,12.2
edostavka,Check-000059.pdf,2025-12-31 08:48:45,"Равиоли""САМОЕ ВРЕМЯ""(пт./сыр/гриб.)360г",2.0,г,360.0,6.07,12.14
edostavka,Check-000059.pdf,2025-12-31 08:48:45,"Масло сл/сл""СЛАВ.ТРАДИЦИИ""82.5%,180г",2.0,г,180.0,5.61,11.22
edostavka,Check-000059.pdf,2025-12-31 08:48:45,"Голень ц/б зам.""ДЗЕРЖИНКА""(лот)1кг",1.197,кг,1.0,9.11,10.9
edostavka,Check-000059.pdf,2025-12-31 08:48:45,Апельсин красный 1кг,1.125,кг,1.0,8.99,10.11
edostavka,Check-000059.pdf,2025-12-31 08:48:45,"Бумага туал""SOFFION""(Pr.En.Frut,3сл)8рул",1.0,л,,9.91,9.91
edostavka,Check-000059.pdf,2025-12-31 08:48:45,Сливки 20% 0.5л,2.904,л,0.5,3.29,9.55
edostavka,Check-000059.pdf,2025-12-31 08:48:45,"Сметана""СНОВ"" 23% (пленка)500 г",2.0,г,500.0,4.72,9.44
edostavka,Check-000059.pdf,2025-12-31 08:48:45,Картофель мытый (фас) 1кг,3.3,кг,1.0,2.59,8.55
edostavka,Check-000059.pdf,2025-12-31 08:48:45,"Сметана ""ЗДРАВУШКА""24% (пленка)400г",2.0,г,400.0,4.12,8.24
edostavka,Check-000059.pdf,2025-12-31 08:48:45,Клементин 1 кг,1.16,кг,1.0,6.99,8.11
edostavka,Check-000059.pdf,2025-12-31 08:48:45,Манго зрелое 1кг,0.602,кг,1.0,11.99,7.22
edostavka,Check-000059.pdf,2025-12-31 08:48:45,Фейхоа 1 кг,0.494,кг,1.0,13.99,6.91
edostavka,Check-000059.pdf,2025-12-31 08:48:45,"Сардельки""РИМСКИЕ""(в/с,цб,в/у)390г",1.0,г,390.0,6.76,6.76
edostavka,Check-000059.pdf,2025-12-31 08:48:45,"Вафельные коржи""DELICE""(Цветочек)90г",2.0,г,90.0,3.15,6.3
edostavka,Check-000059.pdf,2025-12-31 08:48:45,"Молоко""ЗДРАВУШКА""3.4- 6%(паст,ПЭТ)0.93 л",2.0,л,0.93,3.15,6.3
edostavka,Check-000059.pdf,2025-12-31 08:48:45,Банан 1кг,1.176,кг,1.0,4.99,5.87
edostavka,Check-000059.pdf,2025-12-31 08:48:45,Творог 18% 200г,2.0,г,200.0,2.89,5.78
edostavka,Check-000059.pdf,2025-12-31 08:48:45,"Яблоко ""РЕД ДЕЛИШЕС"" РБ 1кг",1.084,кг,1.0,4.95,5.37
edostavka,Check-000059.pdf,2025-12-31 08:48:45,Банан (2категория)1кг уценка,1.126,кг,,4.29,4.83
edostavka,Check-000059.pdf,2025-12-31 08:48:45,"Напиток к/м""EXP.HIGH-PRO""(б/л,кл)0.25кг",1.0,кг,0.25,4.59,4.59
edostavka,Check-000059.pdf,2025-12-31 08:48:45,"Вафли ""ЯШКИНО"" (с нач.карамель) РФ 290г",1.0,г,290.0,4.59,4.59
edostavka,Check-000059.pdf,2025-12-31 08:48:45,"Напиток к/м""EXP.BIO- SKYR""(гранат)0.5кг",1.0,кг,0.5,4.49,4.49
edostavka,Check-000059.pdf,2025-12-31 08:48:45,"Напиток к/м""EXP.BIO- SKYR""(черн/гол)0.5кг",1.0,кг,0.5,4.49,4.49
edostavka,Check-000059.pdf,2025-12-31 08:48:45,"Напиток к/м""EXP.BIO- SKYR""(кл/кив)0.5кг",1.0,кг,0.5,4.49,4.49
edostavka,Check-000059.pdf,2025-12-31 08:48:45,"Напиток к/м""EXP.HIGH- PRO""(чер/зем)0.25кг",1.0,кг,0.25,4.39,4.39
edostavka,Check-000059.pdf,2025-12-31 08:48:45,"Напиток к/м""EXP.HIGH- PRO""(мал/бан)0.25кг",1.0,кг,0.25,4.39,4.39
edostavka,Check-000059.pdf,2025-12-31 08:48:45,"Яблоко ""ИМАНТ"" РБ 1 кг",1.077,кг,1.0,3.99,4.3
edostavka,Check-000059.pdf,2025-12-31 08:48:45,"Яйцо куриное (С-1,фас,х10)",1.0,шт,,3.81,3.81
edostavka,Check-000059.pdf,2025-12-31 08:48:45,Рогалик с маком 100г,3.0,г,100.0,0.89,2.67
edostavka,Check-000059.pdf,2025-12-31 08:48:45,"Батон нарез.""ДЛЯ ВАШЕЙ СЕМЬИ""(в/с)240г",2.0,г,240.0,1.22,2.44
edostavka,Check-000059.pdf,2025-12-31 08:48:45,Творог 5% 200г,1.0,г,200.0,1.95,1.95
edostavka,Check-000059.pdf,2025-12-31 08:48:45,Картофель 1кг,0.779,кг,1.0,1.99,1.55
edostavka,Check-000060.pdf,2026-01-06 18:27:18,Сосиски 320г,3.0,г,320.0,5.49,16.47
edostavka,Check-000060.pdf,2026-01-06 18:27:18,"Молоко""ЗДРАВУШКА""3.2%(стер,ТБА)1л",5.0,л,1.0,3.05,15.25
edostavka,Check-000060.pdf,2026-01-06 18:27:18,Сыр Моцарелла 45% 250г,2.0,г,250.0,7.49,14.98
edostavka,Check-000060.pdf,2026-01-06 18:27:18,"Филе большое цыпленка бройлера охлажденное ""ПЕТРУХА""(фасованое)850г",1.0,г,850.0,13.17,13.17
edostavka,Check-000060.pdf,2026-01-06 18:27:18,"Творог""ЗДРАВУШКА""5%,200г",6.0,г,200.0,1.92,11.52
edostavka,Check-000060.pdf,2026-01-06 18:27:18,"Хлопья кукуруз""ВИТЬБА""(глазир,шокол)330г",2.0,г,330.0,5.05,10.1
edostavka,Check-000060.pdf,2026-01-06 18:27:18,Манго зрелое 1кг,0.7,кг,1.0,13.99,9.79
edostavka,Check-000060.pdf,2026-01-06 18:27:18,Колбаса вареная 400г,2.0,г,400.0,4.58,9.16
edostavka,Check-000060.pdf,2026-01-06 18:27:18,Клементин 1 кг,1.16,кг,1.0,6.49,7.53
edostavka,Check-000060.pdf,2026-01-06 18:27:18,"Яйцо куриное С-1(бел,1х15) Кобрин",1.0,л,,6.44,6.44
edostavka,Check-000060.pdf,2026-01-06 18:27:18,"Вафельные коржи""DELICE""(Цветочек)90г",2.0,г,90.0,3.15,6.3
edostavka,Check-000060.pdf,2026-01-06 18:27:18,Пирожное корзиночка 90г,3.0,г,90.0,1.95,5.85
edostavka,Check-000060.pdf,2026-01-06 18:27:18,"Сыр твор.""CREAM NUVO""65%(слив)200г",1.0,г,200.0,5.75,5.75
edostavka,Check-000060.pdf,2026-01-06 18:27:18,Масло подсолнечное 1л,1.005,л,1.0,5.49,5.52
edostavka,Check-000060.pdf,2026-01-06 18:27:18,Банан 1кг,1.124,кг,1.0,4.79,5.38
edostavka,Check-000060.pdf,2026-01-06 18:27:18,"Яблоко ""ИМАНТ"" РБ 1 кг",1.199,кг,1.0,3.99,4.78
edostavka,Check-000060.pdf,2026-01-06 18:27:18,"Морковь мытая (урожай 2025) РБ, 1 кг",2.363,кг,1.0,1.99,4.7
edostavka,Check-000060.pdf,2026-01-06 18:27:18,"Напиток к/м""EXP.HIGH-PRO""(б/л,кл)0.25кг",1.0,кг,0.25,4.59,4.59
edostavka,Check-000060.pdf,2026-01-06 18:27:18,"Напиток к/м""EXP.HIGH- PRO""(мал/бан)0.25кг",1.0,кг,0.25,4.39,4.39
edostavka,Check-000060.pdf,2026-01-06 18:27:18,"Напиток к/м""EXP.HIGH- PRO""(чер/зем)0.25кг",1.0,кг,0.25,4.39,4.39
edostavka,Check-000060.pdf,2026-01-06 18:27:18,Апельсин 1кг,0.484,кг,1.0,5.79,2.8
edostavka,Check-000060.pdf,2026-01-06 18:27:18,"Батон нарез.""ДЛЯ ВАШЕЙ СЕМЬИ""(в/с)240г",1.0,г,240.0,1.22,1.22
edostavka,Check-000061.pdf,2026-01-13 19:56:20,"Равиоли""САМОЕ ВРЕМЯ""(пт./сыр/гриб.)360г",3.0,г,360.0,6.07,18.21
edostavka,Check-000061.pdf,2026-01-13 19:56:20,"П/ф свин.охл.""ДЛЯ ПАЛЯНДВИЦЫ""(газ)1кг",0.728,кг,1.0,24.98,18.19
edostavka,Check-000061.pdf,2026-01-13 19:56:20,Хурма 1кг,2.364,кг,1.0,6.99,16.52
edostavka,Check-000061.pdf,2026-01-13 19:56:20,"Фарш охл.""ФИЛЕЙНЫЙ""(лоток)1кг",0.998,кг,1.0,16.26,16.23
edostavka,Check-000061.pdf,2026-01-13 19:56:20,"Кофе мол.""ЖОКЕЙ""(Каffe Italiano)в/у,250г",1.0,г,250.0,15.22,15.22
edostavka,Check-000061.pdf,2026-01-13 19:56:20,"Сардельки""РИМСКИЕ""(в/с,цб,в/у)390г",2.0,г,390.0,6.76,13.52
edostavka,Check-000061.pdf,2026-01-13 19:56:20,"Яйцо куриное С-1(бел,1х15) Кобрин",2.0,л,,6.44,12.88
edostavka,Check-000061.pdf,2026-01-13 19:56:20,Куриное филе охл 1кг,0.796,кг,1.0,15.99,12.73
edostavka,Check-000061.pdf,2026-01-13 19:56:20,"Молоко""ЗДРАВУШКА""3.4- 6%(паст,ПЭТ)0.93 л",4.0,л,0.93,3.15,12.6
edostavka,Check-000061.pdf,2026-01-13 19:56:20,"Хлопья кукуруз""ВИТЬБА""(глазир,шокол)330г",2.0,г,330.0,5.05,10.1
edostavka,Check-000061.pdf,2026-01-13 19:56:20,"Бумага туал""SOFFION""(Pr.En.Frut,3сл)8рул",1.0,л,,9.91,9.91
edostavka,Check-000061.pdf,2026-01-13 19:56:20,Томат 1 кг,0.991,кг,1.0,9.37,9.29
edostavka,Check-000061.pdf,2026-01-13 19:56:20,"Молоко""ЗДРАВУШКА""3.2%(стер,ТБА)1л",3.0,л,1.0,3.05,9.15
edostavka,Check-000061.pdf,2026-01-13 19:56:20,"Клементин ""ПРАЗДНИЧНЫЙ"" (сетка,вес) 1кг",0.931,кг,1.0,9.49,8.84
edostavka,Check-000061.pdf,2026-01-13 19:56:20,"Конс.мол.сгущ.вар""ЕГОРКА""8.5%360г",2.0,г,360.0,4.23,8.46
edostavka,Check-000061.pdf,2026-01-13 19:56:20,"Конс.мол.сгущ.""РОГАЧЕВЪ""8.5%(с/с)380г",2.0,г,380.0,4.0,8.0
edostavka,Check-000061.pdf,2026-01-13 19:56:20,Картофель мытый (фас) 1кг,2.662,кг,1.0,2.99,7.96
edostavka,Check-000061.pdf,2026-01-13 19:56:20,"Багет ""Изысканный"" Д 250г",2.0,г,250.0,3.09,6.18
edostavka,Check-000061.pdf,2026-01-13 19:56:20,"Груша красная""КОМИС""1кг",1.3,кг,1.0,4.55,5.92
edostavka,Check-000061.pdf,2026-01-13 19:56:20,"Яблоко""ГЛОСТЕР""(Беларусь)1кг",1.2,кг,1.0,4.8,5.76
edostavka,Check-000061.pdf,2026-01-13 19:56:20,"Яблоки ""БРЕБУРН"" 1кг",1.198,кг,1.0,4.8,5.75
edostavka,Check-000061.pdf,2026-01-13 19:56:20,Банан 1кг,1.108,кг,1.0,4.99,5.53
edostavka,Check-000061.pdf,2026-01-13 19:56:20,"Напиток к/м""EXP.HIGH-PRO""(б/л,кл)0.25кг",1.0,кг,0.25,4.59,4.59
edostavka,Check-000061.pdf,2026-01-13 19:56:20,"Напиток к/м""EXP.HIGH- PRO""(чер/зем)0.25кг",1.0,кг,0.25,4.39,4.39
edostavka,Check-000061.pdf,2026-01-13 19:56:20,"Напиток к/м""EXP.HIGH- PRO""(мал/бан)0.25кг",1.0,кг,0.25,4.39,4.39
edostavka,Check-000061.pdf,2026-01-13 19:56:20,"Крупа гречневая""ФЕРМЕР"" 700г",2.0,г,700.0,2.01,4.02
edostavka,Check-000061.pdf,2026-01-13 19:56:20,"ГЗ Капуста белокочанная (ур.2025) РБ, 1к",2.237,шт,1.0,1.62,3.62
edostavka,Check-000061.pdf,2026-01-13 19:56:20,Груша 1кг,0.534,кг,1.0,6.49,3.47
edostavka,Check-000062.pdf,2026-01-19 21:47:40,"Яйцо куриное С-1(бел,1х15) Кобрин",2.0,л,,6.44,12.88
edostavka,Check-000062.pdf,2026-01-19 21:47:40,"Молоко""ЗДРАВУШКА""3.4- 6%(паст,ПЭТ)0.93 л",4.0,л,0.93,3.15,12.6
edostavka,Check-000062.pdf,2026-01-19 21:47:40,"Молоко""ЗДРАВУШКА""3.2%(стер,ТБА)1л",4.0,л,1.0,3.15,12.6
edostavka,Check-000062.pdf,2026-01-19 21:47:40,"Колбаса с/в""ПАРМА""(м/пт,порц,сал)180г",1.0,г,180.0,12.25,12.25
edostavka,Check-000062.pdf,2026-01-19 21:47:40,"Грибы шампиньоны (фасов,Беларусь)600г",1.0,г,600.0,6.99,6.99
edostavka,Check-000062.pdf,2026-01-19 21:47:40,"Перец красный""КАЛИФОРНИЯ""1кг",0.633,кг,1.0,10.79,6.83
edostavka,Check-000062.pdf,2026-01-19 21:47:40,"Вафельные коржи""DELICE""(Цветочек)90г",2.0,г,90.0,3.15,6.3
edostavka,Check-000062.pdf,2026-01-19 21:47:40,Банан 1кг,1.162,кг,1.0,5.13,5.96
edostavka,Check-000062.pdf,2026-01-19 21:47:40,"Блинчики""БАБУШКА АНЯ""(птица)420г",1.0,г,420.0,5.49,5.49
edostavka,Check-000062.pdf,2026-01-19 21:47:40,Спагетти 500г,1.0,г,500.0,4.99,4.99
edostavka,Check-000062.pdf,2026-01-19 21:47:40,"Багет ""Пшеничный"" Д 200г",2.0,г,200.0,2.49,4.98
edostavka,Check-000062.pdf,2026-01-19 21:47:40,"Картофель (для варки,шт)3кг",1.0,кг,3.0,4.84,4.84
edostavka,Check-000062.pdf,2026-01-19 21:47:40,"Напиток к/м""EXP.HIGH-PRO""(б/л,кл)0.25кг",1.0,кг,0.25,4.59,4.59
edostavka,Check-000062.pdf,2026-01-19 21:47:40,"Напиток к/м""EXP.HIGH- PRO""(мал/бан)0.25кг",1.0,кг,0.25,4.39,4.39
edostavka,Check-000062.pdf,2026-01-19 21:47:40,"Напиток к/м""EXP.HIGH- PRO""(чер/зем)0.25кг",1.0,кг,0.25,4.39,4.39
edostavka,Check-000062.pdf,2026-01-19 21:47:40,Уксус столовый 0.5л,2.105,л,0.5,1.89,3.98
edostavka,Check-000062.pdf,2026-01-19 21:47:40,"Крупа манная""СТОЛ.МЕЛЬНИЦА""(бум.пак)1кг",1.0,кг,1.0,2.02,2.02
edostavka,Check-000062.pdf,2026-01-19 21:47:40,Хлеб ржаной 400г,1.0,г,400.0,1.39,1.39
edostavka,Check-000063.pdf,2026-01-31 18:06:01,"Филе большое цыпленка бройлера охлажденное ""ПЕТРУХА""(фасованое)850г",1.0,г,850.0,13.29,13.29
edostavka,Check-000063.pdf,2026-01-31 18:06:01,"Фарш охл.""ФИЛЕЙНЫЙ""(лоток)1кг",0.816,кг,1.0,16.26,13.27
edostavka,Check-000063.pdf,2026-01-31 18:06:01,"Колбаса с/в""ПАРМА""(м/пт,порц,сал)180г",1.0,г,180.0,12.25,12.25
edostavka,Check-000063.pdf,2026-01-31 18:06:01,"Молоко""ЗДРАВУШКА""3.2%(стер,ТБА)1л",4.0,л,1.0,3.05,12.2
edostavka,Check-000063.pdf,2026-01-31 18:06:01,Авокадо Хасс 1кг,0.813,кг,1.0,14.99,12.19
edostavka,Check-000063.pdf,2026-01-31 18:06:01,"Молоко""СЛАВЯН.ТРАД""3.2%(у/пас,бут)0.9л",4.0,л,0.9,2.57,10.28
edostavka,Check-000063.pdf,2026-01-31 18:06:01,"Хлопья кукуруз""ВИТЬБА""(глазир,шокол)330г",2.0,г,330.0,5.05,10.1
edostavka,Check-000063.pdf,2026-01-31 18:06:01,"Мак.изд""BARILLA""(ризони) 450г",2.0,г,450.0,4.73,9.46
edostavka,Check-000063.pdf,2026-01-31 18:06:01,"Мак.изд""BARILLA""(филини вермичелли)450г",2.0,г,450.0,4.73,9.46
edostavka,Check-000063.pdf,2026-01-31 18:06:01,Гранат 1 кг,1.07,кг,1.0,8.59,9.19
edostavka,Check-000063.pdf,2026-01-31 18:06:01,"Сосиски""ТРОИЦКИЕ""(в/с,газ)630г",1.0,г,630.0,9.03,9.03
edostavka,Check-000063.pdf,2026-01-31 18:06:01,"Колбаса с/в""МИЛ.ЭКСТ""(экс,игаз,мб)180г",1.0,г,180.0,8.85,8.85
edostavka,Check-000063.pdf,2026-01-31 18:06:01,"Напиток к/м""EXP.HIGH- PRO""(чер/зем)0.25кг",2.0,кг,0.25,4.39,8.78
edostavka,Check-000063.pdf,2026-01-31 18:06:01,"Колбаса с/в""ПРАЖСКАЯ""(экс,игаз,мб)180г",1.0,г,180.0,8.65,8.65
edostavka,Check-000063.pdf,2026-01-31 18:06:01,"Йогурт""БАБ.КРЫНКА""2%(ананас/манго)310г",4.0,г,310.0,2.12,8.48
edostavka,Check-000063.pdf,2026-01-31 18:06:01,"Йогурт ""ГРЕЧЕСКИЙ"" (1.7%, манго)200г",4.0,г,200.0,1.87,7.48
edostavka,Check-000063.pdf,2026-01-31 18:06:01,Манго зрелое 1кг,0.654,кг,1.0,10.99,7.19
edostavka,Check-000063.pdf,2026-01-31 18:06:01,Клементин(Италия) 1 кг,0.971,кг,1.0,7.39,7.18
edostavka,Check-000063.pdf,2026-01-31 18:06:01,Банан 1кг,1.221,кг,1.0,5.49,6.7
edostavka,Check-000063.pdf,2026-01-31 18:06:01,"Яйцо куриное С-1(бел,1х15) Кобрин",1.0,л,,6.44,6.44
edostavka,Check-000063.pdf,2026-01-31 18:06:01,"Сосиски ""ТРОИЦКИЕ XXL""(в/с)470г",1.0,г,470.0,6.3,6.3
edostavka,Check-000063.pdf,2026-01-31 18:06:01,"Мак.изд""BARILLA""(фузили,5зл)450г",1.0,г,,5.49,5.49
edostavka,Check-000063.pdf,2026-01-31 18:06:01,"Яблоко""ПРИНЦ""1кг",1.182,кг,1.0,4.35,5.14
edostavka,Check-000063.pdf,2026-01-31 18:06:01,"Яблоко ""ИМАНТ"" РБ 1 кг",1.187,кг,1.0,4.09,4.85
edostavka,Check-000063.pdf,2026-01-31 18:06:01,"Мак.изд""BARILLA""(стеллине) 450г",1.0,г,450.0,4.73,4.73
edostavka,Check-000063.pdf,2026-01-31 18:06:01,"Мак.изд.""BARILLA""(маккерони) 450г",1.0,г,450.0,4.73,4.73
edostavka,Check-000063.pdf,2026-01-31 18:06:01,"Бумага туал. ""VETA AROMA"" (ромашка,2- сл)",2.0,л,,2.33,4.66
edostavka,Check-000063.pdf,2026-01-31 18:06:01,"Напиток к/м""EXP.HIGH-PRO""(б/л,кл)0.25кг",1.0,кг,0.25,4.59,4.59
edostavka,Check-000063.pdf,2026-01-31 18:06:01,"Напиток к/м""EXP.BIO- SKYR""(кл/кив)0.5кг",1.0,кг,0.5,4.49,4.49
edostavka,Check-000063.pdf,2026-01-31 18:06:01,"Крупа гречневая""ФЕРМЕР"" 700г",2.0,г,700.0,2.07,4.14
edostavka,Check-000063.pdf,2026-01-31 18:06:01,Капуста белокочанная 1кг,2.184,кг,1.0,1.59,3.47
edostavka,Check-000063.pdf,2026-01-31 18:06:01,"Груша красная""КОМИС""1кг",0.658,кг,1.0,5.13,3.38
edostavka,Check-000063.pdf,2026-01-31 18:06:01,Кефир 2.5% 0.93л,1.345,л,0.93,2.45,3.3
edostavka,Check-000064.pdf,2026-02-06 06:27:25,"Яйца куриные ""OMEGGA"" (С-1, 10шт)",4.0,шт,10.0,3.73,14.92
edostavka,Check-000064.pdf,2026-02-06 06:27:25,"Мандарин""МУРКОТ""(плоский)1кг",2.293,кг,1.0,5.95,13.64
edostavka,Check-000064.pdf,2026-02-06 06:27:25,"Творог""БЕЛЛАКТ""5%(п/п,дв.уп) 180г",7.0,г,180.0,1.92,13.44
edostavka,Check-000064.pdf,2026-02-06 06:27:25,Апельсин 1кг,2.26,кг,1.0,5.79,13.09
edostavka,Check-000064.pdf,2026-02-06 06:27:25,Треска филе 500г,1.0,г,500.0,12.99,12.99
edostavka,Check-000064.pdf,2026-02-06 06:27:25,Шампиньоны мелкие свежие фас 300г,3.0,г,300.0,4.19,12.57
edostavka,Check-000064.pdf,2026-02-06 06:27:25,"Молоко""ЗДРАВУШКА""3.4- 6%(паст,ПЭТ)0.93 л",4.0,л,0.93,3.14,12.56
edostavka,Check-000064.pdf,2026-02-06 06:27:25,"Апельсин (в сетке, вес)кг",1.518,кг,,6.88,10.44
edostavka,Check-000064.pdf,2026-02-06 06:27:25,"Краб.палочки""САНТАБРЕМОР""(имит.зам.)200г",3.0,г,200.0,3.39,10.17
edostavka,Check-000064.pdf,2026-02-06 06:27:25,Салфетки влажные 64шт,3.0,шт,64.0,3.29,9.87
edostavka,Check-000064.pdf,2026-02-06 06:27:25,"Крем сливоч.""БЕЛЛАКТ""33%(стер,ТБА)0.2л",2.0,л,0.2,4.79,9.58
edostavka,Check-000064.pdf,2026-02-06 06:27:25,"Молоко""ЗДРАВУШКА""3.2%(стер,ТБА)1л",3.0,л,1.0,3.14,9.42
edostavka,Check-000064.pdf,2026-02-06 06:27:25,"Напиток к/м""EXP.HIGH-PRO""(б/л,кл)0.25кг",2.0,кг,0.25,4.59,9.18
edostavka,Check-000064.pdf,2026-02-06 06:27:25,Манго зрелое 1кг,0.747,кг,1.0,11.99,8.96
edostavka,Check-000064.pdf,2026-02-06 06:27:25,"Напиток к/м""EXP.HIGH- PRO""(чер/зем)0.25кг",2.0,кг,0.25,4.39,8.78
edostavka,Check-000064.pdf,2026-02-06 06:27:25,Зелень (укроп/петрушка) 100г,3.0,г,100.0,2.49,7.47
edostavka,Check-000064.pdf,2026-02-06 06:27:25,Сметана 15% 400г,2.0,г,400.0,3.45,6.9
edostavka,Check-000064.pdf,2026-02-06 06:27:25,Сардельки 390г,1.0,г,390.0,6.73,6.73
edostavka,Check-000064.pdf,2026-02-06 06:27:25,"Йогурт""TEOS""2%(греческ,черника)250г",2.0,г,250.0,2.68,5.36
edostavka,Check-000064.pdf,2026-02-06 06:27:25,"Картофель (для варки,шт)3кг",1.0,кг,3.0,4.83,4.83
edostavka,Check-000064.pdf,2026-02-06 06:27:25,"Бумага туал. ""VETA AROMA"" (ромашка,2- сл)",2.0,л,,2.33,4.66
edostavka,Check-000064.pdf,2026-02-06 06:27:25,"Йогурт""БАБ.КРЫНКА""2%(ананас/манго)310г",2.0,г,310.0,2.12,4.24
edostavka,Check-000064.pdf,2026-02-06 06:27:25,Йогурт питьевой 2.5% 0.5л,1.754,л,0.5,2.25,3.95
edostavka,Check-000064.pdf,2026-02-06 06:27:25,"Мука пшен.""ЛИДСКАЯ""(М54-28 в/с)2кг",1.0,кг,,3.88,3.88
edostavka,Check-000064.pdf,2026-02-06 06:27:25,"Груша красная""КОМИС""1кг",0.698,кг,1.0,5.1,3.56
edostavka,Check-000064.pdf,2026-02-06 06:27:25,"Йогурт""TEOS""2%(греческ,вишня,стак)140г",2.0,г,140.0,1.67,3.34
edostavka,Check-000064.pdf,2026-02-06 06:27:25,"Йогурт""TEOS""2%(греческ,манг/чиа)140г",2.0,г,140.0,1.67,3.34
edostavka,Check-000064.pdf,2026-02-06 06:27:25,"Лаваш (тонкий бездр.,прямоуг.)300г",1.0,г,300.0,3.09,3.09
edostavka,Check-000064.pdf,2026-02-06 06:27:25,Пюре фруктовое 185г,1.0,г,185.0,1.67,1.67
edostavka,Check-000065.pdf,2026-02-11 21:09:53,"Сардельки""РИМСКИЕ""(в/с,цб,в/у)390г",2.0,г,390.0,6.76,13.52
edostavka,Check-000065.pdf,2026-02-11 21:09:53,"Пельмени ""БАБУШКА АНЯ"" (домашние)1кг",1.0,кг,1.0,13.05,13.05
edostavka,Check-000065.pdf,2026-02-11 21:09:53,"Молоко""ЗДРАВУШКА""3.2%(стер,ТБА)1л",4.0,л,1.0,3.14,12.56
edostavka,Check-000065.pdf,2026-02-11 21:09:53,"Сосиски ""ТРОИЦКИЕ XXL""(в/с)470г",2.0,г,470.0,6.27,12.54
edostavka,Check-000065.pdf,2026-02-11 21:09:53,"Творог""РАССЫПЧАТЫЙ""5%(пак.)350г",3.0,г,350.0,3.88,11.64
edostavka,Check-000065.pdf,2026-02-11 21:09:53,"Молоко""БАБ.КРЫНКА""3.2%(у/пас,ПЭТ)0.9л",4.0,л,0.9,2.6,10.4
edostavka,Check-000065.pdf,2026-02-11 21:09:53,"Вареники""БАБУШКА АНЯ""(с творогом)430г",2.0,г,430.0,5.05,10.1
edostavka,Check-000065.pdf,2026-02-11 21:09:53,Редис 1кг,1.565,кг,1.0,5.99,9.37
edostavka,Check-000065.pdf,2026-02-11 21:09:53,"Мак.изд""PASTA ZARA"" (№80,в/с) 500г",2.0,г,500.0,4.55,9.1
edostavka,Check-000065.pdf,2026-02-11 21:09:53,"Напиток к/м""EXP.BIO- SKYR""(гранат)0.5кг",2.0,кг,0.5,4.49,8.98
edostavka,Check-000065.pdf,2026-02-11 21:09:53,"Напиток к/м""EXP.BIO- SKYR""(черн/гол)0.5кг",2.0,кг,0.5,4.49,8.98
edostavka,Check-000065.pdf,2026-02-11 21:09:53,"Напиток к/м""EXP.HIGH- PRO""(чер/зем)0.25кг",2.0,кг,0.25,4.39,8.78
edostavka,Check-000065.pdf,2026-02-11 21:09:53,"Кетчуп""HEINZ""(томатный)550г",1.0,г,550.0,8.75,8.75
edostavka,Check-000065.pdf,2026-02-11 21:09:53,"Киви (в корзинке,вес.)1кг",0.95,кг,1.0,8.69,8.26
edostavka,Check-000065.pdf,2026-02-11 21:09:53,"Вареники ""БАБУШКА АНЯ"" (карт/лук) 430г",2.0,г,430.0,4.05,8.1
edostavka,Check-000065.pdf,2026-02-11 21:09:53,Банан 1кг,1.232,кг,1.0,5.99,7.38
edostavka,Check-000065.pdf,2026-02-11 21:09:53,Апельсин 1кг,1.212,кг,1.0,5.79,7.02
edostavka,Check-000065.pdf,2026-02-11 21:09:53,"Йогурт""TEOS""2%(греческ,манг/чиа)140г",4.0,г,140.0,1.67,6.68
edostavka,Check-000065.pdf,2026-02-11 21:09:53,"Конс.мол.сгущ.""РОГАЧЕВЪ""8.5%(с/с)270г",2.0,г,270.0,3.13,6.26
edostavka,Check-000065.pdf,2026-02-11 21:09:53,Рис круглозерный 800г,2.0,г,800.0,3.03,6.06
edostavka,Check-000065.pdf,2026-02-11 21:09:53,"Йогурт""TEOS""2%(греческ,черника)250г",2.0,г,250.0,2.68,5.36
edostavka,Check-000065.pdf,2026-02-11 21:09:53,Киви 1кг,0.606,кг,1.0,8.49,5.14
edostavka,Check-000065.pdf,2026-02-11 21:09:53,Сливочное масло 72.5% 180г,1.0,г,180.0,4.85,4.85
edostavka,Check-000065.pdf,2026-02-11 21:09:53,"Напиток к/м""EXP.HIGH-PRO""(б/л,кл)0.25кг",1.0,кг,0.25,4.59,4.59
edostavka,Check-000065.pdf,2026-02-11 21:09:53,Пряники медовые 200г,2.0,г,200.0,1.99,3.98
edostavka,Check-000065.pdf,2026-02-11 21:09:53,Сок яблочный 1л,0.989,л,1.0,3.99,3.95
edostavka,Check-000065.pdf,2026-02-11 21:09:53,Молоко 2.5% 1л,1.217,л,1.0,2.89,3.52
edostavka,Check-000065.pdf,2026-02-11 21:09:53,"Йогурт""TEOS""2%(греческ,вишня,стак)140г",2.0,г,140.0,1.67,3.34
edostavka,Check-000065.pdf,2026-02-11 21:09:53,"Батон ""ДЛЯ ВАШЕЙ СЕМЬИ""(нарез,в/с)240г",2.0,г,240.0,1.22,2.44
edostavka,Check-000065.pdf,2026-02-11 21:09:53,Лук репчатый 1кг,0.951,кг,1.0,1.65,1.57
edostavka,Check-000066.pdf,2026-02-24 06:26:11,"Сардельки""РИМСКИЕ""(в/с,цб,в/у)390г",2.0,г,390.0,6.76,13.52
edostavka,Check-000066.pdf,2026-02-24 06:26:11,"Пельмени ""БАБУШКА АНЯ"" (домашние)1кг",1.0,кг,1.0,13.05,13.05
edostavka,Check-000066.pdf,2026-02-24 06:26:11,"Яйца куриные С-1(бел,1х15) Кобрин",2.0,л,,6.42,12.84
edostavka,Check-000066.pdf,2026-02-24 06:26:11,"Сосиски ""ТРОИЦКИЕ XXL""(в/с)470г",2.0,г,470.0,6.27,12.54
edostavka,Check-000066.pdf,2026-02-24 06:26:11,Соль морская 1кг,2.809,кг,1.0,4.39,12.33
edostavka,Check-000066.pdf,2026-02-24 06:26:11,"Напиток к/м""EXP.NORM-PRO""(виш- чер)0.5кг",4.0,кг,0.5,2.99,11.96
edostavka,Check-000066.pdf,2026-02-24 06:26:11,Масло подсолнечное 1л,1.888,л,1.0,5.49,10.37
edostavka,Check-000066.pdf,2026-02-24 06:26:11,"Бумага туал""SOFFION""(Pr.En.Frut,3сл)8рул",1.0,л,,9.98,9.98
edostavka,Check-000066.pdf,2026-02-24 06:26:11,"Салфетки вл.дет""TANOSHI""(б/запах)80шт",2.0,л,80.0,4.85,9.7
edostavka,Check-000066.pdf,2026-02-24 06:26:11,Печенье овсяное 200г,5.0,г,200.0,1.89,9.45
edostavka,Check-000066.pdf,2026-02-24 06:26:11,"Молоко""ЗДРАВУШКА""3.2%(стер,ТБА)1л",3.0,л,1.0,3.14,9.42
edostavka,Check-000066.pdf,2026-02-24 06:26:11,"Молоко""ЗДРАВУШКА""3.4- 6%(паст,ПЭТ)0.93 л",3.0,л,0.93,3.14,9.42
edostavka,Check-000066.pdf,2026-02-24 06:26:11,"Напиток к/м""EXP.HIGH-PRO""(б/л,кл)0.25кг",2.0,кг,0.25,4.59,9.18
edostavka,Check-000066.pdf,2026-02-24 06:26:11,"Мак.изд""PASTA ZARA"" (№80,в/с) 500г",2.0,г,500.0,4.55,9.1
edostavka,Check-000066.pdf,2026-02-24 06:26:11,"Йогурт""БАБ.КРЫНКА""2%(ананас/манго)310г",4.0,г,310.0,2.12,8.48
edostavka,Check-000066.pdf,2026-02-24 06:26:11,"Салфетки влаж.дет""SENSO""(ром.к)72шт",2.0,шт,72.0,3.79,7.58
edostavka,Check-000066.pdf,2026-02-24 06:26:11,Банан 1кг,1.199,кг,1.0,5.99,7.18
edostavka,Check-000066.pdf,2026-02-24 06:26:11,Ряженка 4% 0.93л,1.82,л,0.93,2.85,5.19
edostavka,Check-000066.pdf,2026-02-24 06:26:11,"Тесто""БАБУШКА АНЯ""(слоеное,дрож,зам)450г",1.0,г,450.0,5.05,5.05
edostavka,Check-000066.pdf,2026-02-24 06:26:11,"Тесто""БАБУШКА АНЯ""(сл,бездрожж,зам)450г",1.0,г,450.0,4.69,4.69
edostavka,Check-000066.pdf,2026-02-24 06:26:11,"Напиток к/м""EXP.HIGH- PRO""(мал/бан)0.25кг",1.0,кг,0.25,4.39,4.39
edostavka,Check-000066.pdf,2026-02-24 06:26:11,"Напиток к/м""EXP.HIGH- PRO""(чер/зем)0.25кг",1.0,кг,0.25,4.39,4.39
edostavka,Check-000066.pdf,2026-02-24 06:26:11,Молоко 1.5% 1л,1.217,л,1.0,2.75,3.35
edostavka,Check-000066.pdf,2026-02-24 06:26:11,Консервы горошек 425мл,0.851,л,0.425,3.44,2.93
edostavka,Check-000066.pdf,2026-02-24 06:26:11,Хлеб ржаной 400г,2.0,г,400.0,1.39,2.78
edostavka,Check-000066.pdf,2026-02-24 06:26:11,Капуста белокочанная 1кг,1.551,кг,1.0,1.59,2.47
edostavka,Check-000066.pdf,2026-02-24 06:26:11,"Батон ""ДЛЯ ВАШЕЙ СЕМЬИ""(нарез,в/с)240г",2.0,г,240.0,1.22,2.44
edostavka,Check-000067.pdf,2026-02-28 08:09:08,"Грибы шампиньоны (фасов,Беларусь)600г",2.0,г,600.0,6.99,13.98
edostavka,Check-000067.pdf,2026-02-28 08:09:08,"Набор пирожных""ИТ МИ""(эклер.с помад)225г",2.0,г,225.0,6.85,13.7
edostavka,Check-000067.pdf,2026-02-28 08:09:08,"Йогурт""БАБ.КРЫНКА""2%(ананас/манго)310г",6.0,г,310.0,2.12,12.72
edostavka,Check-000067.pdf,2026-02-28 08:09:08,"Молоко""ЗДРАВУШКА""3.4- 6%(паст,ПЭТ)0.93 л",4.0,л,0.93,3.14,12.56
edostavka,Check-000067.pdf,2026-02-28 08:09:08,Сливки 33% 0.5л,2.331,л,0.5,4.99,11.63
edostavka,Check-000067.pdf,2026-02-28 08:09:08,Виноград зеленый 1кг,1.382,кг,1.0,7.49,10.35
edostavka,Check-000067.pdf,2026-02-28 08:09:08,Манго зрелое 1кг,0.531,кг,1.0,14.99,7.96
edostavka,Check-000067.pdf,2026-02-28 08:09:08,Апельсин 1кг,1.296,кг,1.0,5.79,7.5
edostavka,Check-000067.pdf,2026-02-28 08:09:08,Банан 1кг,1.15,кг,1.0,5.99,6.89
edostavka,Check-000067.pdf,2026-02-28 08:09:08,"Краб.палочки""САНТАБРЕМОР""(имит.зам.)200г",2.0,г,200.0,3.39,6.78
edostavka,Check-000067.pdf,2026-02-28 08:09:08,"Напиток к/м""EXP.NORM-PRO""(виш- чер)0.5кг",2.0,кг,0.5,2.99,5.98
edostavka,Check-000067.pdf,2026-02-28 08:09:08,"Полотенца бум""FAMILIA""(XXLPlus,2сл)1рул",1.0,л,,5.79,5.79
edostavka,Check-000067.pdf,2026-02-28 08:09:08,Сгущенное молоко 8.5% 270г,2.0,г,270.0,2.71,5.42
edostavka,Check-000067.pdf,2026-02-28 08:09:08,"Сырок тв.гл.""БАБ.КРЫНКА""23%(как/ван)45г",5.0,г,45.0,1.02,5.1
edostavka,Check-000067.pdf,2026-02-28 08:09:08,"Полотенца бум""SOFFIONE""(Grande,smart,2сл",1.0,л,,4.79,4.79
edostavka,Check-000067.pdf,2026-02-28 08:09:08,"Напиток к/м""EXP.HIGH-PRO""(б/л,кл)0.25кг",1.0,кг,0.25,4.59,4.59
edostavka,Check-000067.pdf,2026-02-28 08:09:08,"Сыр плавлен. ""ДРУЖБА"" (55%) 80г",2.0,г,80.0,2.29,4.58
edostavka,Check-000067.pdf,2026-02-28 08:09:08,"Напиток к/м""EXP.BIO- SKYR""(гранат)0.5кг",1.0,кг,0.5,4.49,4.49
edostavka,Check-000067.pdf,2026-02-28 08:09:08,"Напиток к/м""EXP.BIO- SKYR""(кл/кив)0.5кг",1.0,кг,0.5,4.49,4.49
edostavka,Check-000067.pdf,2026-02-28 08:09:08,"Напиток к/м""EXP.HIGH- PRO""(чер/зем)0.25кг",1.0,кг,0.25,4.39,4.39
edostavka,Check-000067.pdf,2026-02-28 08:09:08,"Напиток к/м""EXP.HIGH- PRO""(мал/бан)0.25кг",1.0,кг,0.25,4.39,4.39
edostavka,Check-000067.pdf,2026-02-28 08:09:08,"Готовый зав.""ВИТЬБА""(шар,кукур,шок)250 г",1.0,г,250.0,4.25,4.25
edostavka,Check-000067.pdf,2026-02-28 08:09:08,"Готовый зав.""ВИТЬБА""(хлопья кук.зол)330г",1.0,г,330.0,4.25,4.25
edostavka,Check-000067.pdf,2026-02-28 08:09:08,"Груша красная""КОМИС""1кг",0.7,кг,1.0,5.99,4.19
edostavka,Check-000067.pdf,2026-02-28 08:09:08,"Сметана ""ЗДРАВУШКА""24% (пленка)400г",1.0,г,400.0,4.11,4.11
edostavka,Check-000067.pdf,2026-02-28 08:09:08,"Мука пшен.""ЛИДСКАЯ""(М54-28 в/с)2кг",1.0,кг,,4.0,4.0
edostavka,Check-000067.pdf,2026-02-28 08:09:08,Морковь мытая (пакет)1кг,1.0,кг,1.0,3.39,3.39
edostavka,Check-000067.pdf,2026-02-28 08:09:08,"Картофель (ур. 2025) РБ, 1кг",2.5,кг,1.0,1.07,2.68
edostavka,Check-000067.pdf,2026-02-28 08:09:08,Соль морская 1кг,0.502,кг,1.0,4.39,2.2
edostavka,Check-000067.pdf,2026-02-28 08:09:08,"Крупа гречневая""ФЕРМЕР"" 700г",1.0,г,700.0,2.05,2.05
edostavka,Check-000068.pdf,2026-03-20 22:42:36,"Колбаса с/в""ПАРМА""(в/с,и/г)180г",1.0,г,180.0,13.05,13.05
edostavka,Check-000068.pdf,2026-03-20 22:42:36,"Молоко""ЗДРАВУШКА""3.2%(стер,ТБА)1л",4.0,л,1.0,3.15,12.6
edostavka,Check-000068.pdf,2026-03-20 22:42:36,"Молоко""ЗДРАВУШКА""3.4- 6%(паст,ПЭТ)0.93 л",4.0,л,0.93,3.15,12.6
edostavka,Check-000068.pdf,2026-03-20 22:42:36,Сливочное масло 82.5% 400г,1.0,г,400.0,11.99,11.99
edostavka,Check-000068.pdf,2026-03-20 22:42:36,"Блинчики""БАБУШКА АНЯ""(птица)420г",2.0,г,420.0,5.49,10.98
edostavka,Check-000068.pdf,2026-03-20 22:42:36,Редис 1кг,1.648,кг,1.0,5.99,9.87
edostavka,Check-000068.pdf,2026-03-20 22:42:36,"Напиток к/м""EXP.HIGH-PRO""(б/л,кл)0.25кг",2.0,кг,0.25,4.75,9.5
edostavka,Check-000068.pdf,2026-03-20 22:42:36,"Мак.изд""PASTA ZARA"" (№80,в/с) 500г",2.0,г,500.0,4.63,9.26
edostavka,Check-000068.pdf,2026-03-20 22:42:36,"Колбаса с/в""ПРАЖСКАЯ""(в/с,и/г)180г",1.0,г,180.0,9.19,9.19
edostavka,Check-000068.pdf,2026-03-20 22:42:36,"Голень ц/б""ДЗЕРЖИНКА""(зам,лот)1кг",0.997,кг,1.0,9.18,9.15
edostavka,Check-000068.pdf,2026-03-20 22:42:36,"Готовый зав.""ВИТЬБА""(шар,кукур,шок)250 г",2.0,г,250.0,4.25,8.5
edostavka,Check-000068.pdf,2026-03-20 22:42:36,"Готовый зав.""ВИТЬБА""(хлопья кук.зол)330г",2.0,г,330.0,4.25,8.5
edostavka,Check-000068.pdf,2026-03-20 22:42:36,"Соль""ЭКОЛАЙН""(морская new,помол №0)1кг",2.0,кг,1.0,4.09,8.18
edostavka,Check-000068.pdf,2026-03-20 22:42:36,"Груша красная""КОМИС""1кг",1.068,кг,1.0,6.83,7.29
edostavka,Check-000068.pdf,2026-03-20 22:42:36,Огурец гладкий (45+)1кг,1.062,кг,1.0,6.68,7.09
edostavka,Check-000068.pdf,2026-03-20 22:42:36,"Сырок тв.гл.""БАБ.КРЫНКА""23%(как/ван)45г",6.0,г,45.0,1.03,6.18
edostavka,Check-000068.pdf,2026-03-20 22:42:36,"ГЗ Капуста белокочанная (ур.2025) РБ, 1к",3.536,шт,1.0,1.62,5.73
edostavka,Check-000068.pdf,2026-03-20 22:42:36,"Набор ""ЗЕФИР МIX"" (глаз. с арахисом)230г",1.0,г,230.0,5.53,5.53
edostavka,Check-000068.pdf,2026-03-20 22:42:36,Молоко 3.2% 1л,1.089,л,1.0,3.05,3.32
edostavka,Check-000068.pdf,2026-03-20 22:42:36,ГЗ Морковь крупная для сока 1кг,2.541,кг,1.0,1.24,3.15
edostavka,Check-000068.pdf,2026-03-20 22:42:36,ГЗ Картофель (ур.2025) РБ 1кг,2.522,кг,1.0,1.07,2.7
edostavka,Check-000068.pdf,2026-03-20 22:42:36,"Крупа гречневая""ЭКОЛАЙН""900г",1.0,г,900.0,2.68,2.68
edostavka,Check-000068.pdf,2026-03-20 22:42:36,"Кефир""ЗДРАВУШКА""3.2%(ПЭТ)0.93кг",1.0,кг,0.93,2.6,2.6
edostavka,Check-000068.pdf,2026-03-20 22:42:36,"Йогурт""БАБ.КРЫНКА""2%(анан/манго,ст)310г",1.0,г,310.0,2.12,2.12
edostavka,Check-000068.pdf,2026-03-20 22:42:36,"Крупа гречневая""ФЕРМЕР"" 700г",1.0,г,700.0,2.09,2.09
edostavka,Check-000068.pdf,2026-03-20 22:42:36,ГЗ Свекла (Урожай 2025) РБ 1кг,1.453,кг,1.0,1.17,1.7
edostavka,Check-000068.pdf,2026-03-20 22:42:36,Морс клюквенный 0.5л,0.405,л,0.5,2.49,1.01
edostavka,Check-000069.pdf,2026-03-29 19:50:06,"Кофе мол.""JARDIN""(Коломбия супр)250г",1.0,г,250.0,18.99,18.99
edostavka,Check-000069.pdf,2026-03-29 19:50:06,"Творог""БАБ.КРЫНКА""5%(классич,пл)200г",7.0,г,200.0,2.27,15.89
edostavka,Check-000069.pdf,2026-03-29 19:50:06,"Молоко""ЗДРАВУШКА""3.4- 6%(паст,ПЭТ)0.93 л",5.0,л,0.93,3.15,15.75
edostavka,Check-000069.pdf,2026-03-29 19:50:06,"Пельмени""БАБУШКА АНЯ""(сочные)430г",2.0,г,430.0,6.54,13.08
edostavka,Check-000069.pdf,2026-03-29 19:50:06,Хурма 1кг,1.794,кг,1.0,6.99,12.54
edostavka,Check-000069.pdf,2026-03-29 19:50:06,Апельсин 1кг,1.901,кг,1.0,5.79,11.01
edostavka,Check-000069.pdf,2026-03-29 19:50:06,"Йогурт""TEOS""2%(греческ,черн,ст)250г",4.0,г,250.0,2.7,10.8
edostavka,Check-000069.pdf,2026-03-29 19:50:06,"Вареники""БАБУШКА АНЯ""(с творогом)430г",2.0,г,430.0,5.05,10.1
edostavka,Check-000069.pdf,2026-03-29 19:50:06,Пирожное корзиночка 90г,5.0,г,90.0,1.95,9.75
edostavka,Check-000069.pdf,2026-03-29 19:50:06,"Молоко""ЗДРАВУШКА""3.2%(стер,ТБА)1л",3.0,л,1.0,3.15,9.45
edostavka,Check-000069.pdf,2026-03-29 19:50:06,"Напиток к/м""EXP.BIO- SKYR""(гранат)0.5кг",2.0,кг,0.5,4.59,9.18
edostavka,Check-000069.pdf,2026-03-29 19:50:06,Печенье сахарное 250г,4.0,г,250.0,2.15,8.6
edostavka,Check-000069.pdf,2026-03-29 19:50:06,"Готовый зав.""ВИТЬБА""(хлопья кук.зол)330г",2.0,г,330.0,4.25,8.5
edostavka,Check-000069.pdf,2026-03-29 19:50:06,"Готовый зав.""ВИТЬБА""(шар,кукур,шок)250 г",2.0,г,250.0,4.25,8.5
edostavka,Check-000069.pdf,2026-03-29 19:50:06,"Йогурт""TEOS""2%(греческ,манг/чиа,ст)140г",5.0,г,140.0,1.69,8.45
edostavka,Check-000069.pdf,2026-03-29 19:50:06,"Вареники ""БАБУШКА АНЯ"" (карт/грибы) 430г",2.0,г,430.0,4.19,8.38
edostavka,Check-000069.pdf,2026-03-29 19:50:06,Банан 1кг,1.109,кг,1.0,6.49,7.2
edostavka,Check-000069.pdf,2026-03-29 19:50:06,"Сырок тв.гл.""БАБ.КРЫНКА""23%(как/ван)45г",6.0,г,45.0,1.03,6.18
edostavka,Check-000069.pdf,2026-03-29 19:50:06,"Напиток к/м""EXP.BIO- SKYR""(плом/стр)0.5кг",1.0,кг,0.5,4.59,4.59
edostavka,Check-000069.pdf,2026-03-29 19:50:06,"Напиток к/м""EXP.HIGH- PRO""(кок/ми)0.25кг",1.0,кг,0.25,4.59,4.59
edostavka,Check-000069.pdf,2026-03-29 19:50:06,"Напиток к/м""EXP.HIGH- PRO""(чер/зем)0.25кг",1.0,кг,0.25,4.59,4.59
edostavka,Check-000069.pdf,2026-03-29 19:50:06,"Напиток к/м""EXP.HIGH- PRO""(кл/арб)0.25кг",1.0,кг,0.25,4.59,4.59
edostavka,Check-000069.pdf,2026-03-29 19:50:06,"Напиток к/м""EXP.BIO- SKYR""(черн/гол)0.5кг",1.0,кг,0.5,4.59,4.59
edostavka,Check-000069.pdf,2026-03-29 19:50:06,Свекла 1кг,2.34,кг,1.0,1.75,4.09
edostavka,Check-000069.pdf,2026-03-29 19:50:06,Сок детский 0.2л,2.935,л,0.2,1.29,3.79
edostavka,Check-000069.pdf,2026-03-29 19:50:06,"Кефир""ЗДРАВУШКА""3.2%(ПЭТ)0.93кг",1.0,кг,0.93,2.6,2.6
edostavka,Check-000069.pdf,2026-03-29 19:50:06,"Крупа гречневая""ФЕРМЕР"" 700г",1.0,г,700.0,2.09,2.09
edostavka,Check-000069.pdf,2026-03-29 19:50:06,Творог 5% 200г,1.0,г,200.0,1.95,1.95
edostavka,Check-000070.pdf,2026-04-11 21:48:10,"Колбаса с/в""ПАРМА""(в/с,и/г)180г",1.0,г,180.0,13.05,13.05
edostavka,Check-000070.pdf,2026-04-11 21:48:10,"Готовый зав.""ВИТЬБА""(шар,кукур,шок)250 г",3.0,г,250.0,4.25,12.75
edostavka,Check-000070.pdf,2026-04-11 21:48:10,"Сосиски""ТРОИЦКИЕ XXL""(в/с,в/у)470г",2.0,г,470.0,6.37,12.74
edostavka,Check-000070.pdf,2026-04-11 21:48:10,"Напиток к/м""EXP.NORM-PRO""(перс- абр)0.5кг",4.0,кг,0.5,3.15,12.6
edostavka,Check-000070.pdf,2026-04-11 21:48:10,"Напиток к/м""EXP.NORM-PRO""(кл- вн.сл)0.5кг",4.0,кг,0.5,3.15,12.6
edostavka,Check-000070.pdf,2026-04-11 21:48:10,"Бумага туал.""PAPIA""(балий.цвет,3сл)8рул",1.0,л,,12.57,12.57
edostavka,Check-000070.pdf,2026-04-11 21:48:10,"Молоко""ЗДРАВУШКА""3.2%(стер,ТБА)1л",4.0,л,1.0,2.92,11.68
edostavka,Check-000070.pdf,2026-04-11 21:48:10,Яблоко Гренни Смит 1кг,1.871,кг,1.0,5.99,11.21
edostavka,Check-000070.pdf,2026-04-11 21:48:10,Картофель мытый (фас) 1кг,2.96,кг,1.0,3.49,10.33
edostavka,Check-000070.pdf,2026-04-11 21:48:10,"Киви (в корзинке,вес.)1кг",0.99,кг,1.0,10.39,10.29
edostavka,Check-000070.pdf,2026-04-11 21:48:10,"Голень ц/б""ДЗЕРЖИНКА""(зам,лот)1кг",1.055,кг,1.0,9.18,9.68
edostavka,Check-000070.pdf,2026-04-11 21:48:10,"Готовый зав.""ВИТЬБА""(хлопья кук.зол)330г",2.0,г,330.0,4.25,8.5
edostavka,Check-000070.pdf,2026-04-11 21:48:10,Редис красный 1 кг,0.981,кг,1.0,7.59,7.45
edostavka,Check-000070.pdf,2026-04-11 21:48:10,"П/ф фарш инд""ФИРМЕННЫЙ""(охл,лот)450г",1.0,г,450.0,7.41,7.41
edostavka,Check-000070.pdf,2026-04-11 21:48:10,Банан 1кг,1.204,кг,1.0,5.99,7.21
edostavka,Check-000070.pdf,2026-04-11 21:48:10,"Йогурт""TEOS""2%(греческ,манг/чиа,ст)140г",4.0,г,140.0,1.7,6.8
edostavka,Check-000070.pdf,2026-04-11 21:48:10,Авокадо 1 кг,0.37,кг,1.0,17.99,6.66
edostavka,Check-000070.pdf,2026-04-11 21:48:10,"Бумага туал.""SIPTO""(Premium,бел,3сл)8рул",1.0,л,,6.42,6.42
edostavka,Check-000070.pdf,2026-04-11 21:48:10,Огурец гладкий (45+)1кг,0.721,кг,1.0,8.13,5.86
edostavka,Check-000070.pdf,2026-04-11 21:48:10,Капуста белокочанная ранняя(салатная)1кг,1.108,кг,1.0,4.95,5.48
edostavka,Check-000070.pdf,2026-04-11 21:48:10,Лимон 1кг,0.583,кг,1.0,9.07,5.29
edostavka,Check-000070.pdf,2026-04-11 21:48:10,"Мак.изд""PASTA ZARA"" (№80,в/с) 500г",1.0,г,500.0,4.58,4.58
edostavka,Check-000070.pdf,2026-04-11 21:48:10,"Йогурт""БАБ.КРЫНКА""2%(анан/манго,ст)310г",2.0,г,310.0,2.12,4.24
edostavka,Check-000070.pdf,2026-04-11 21:48:10,"Йогурт""БАБ.КРЫНКА""2%(вишня- череш,ст)310г",2.0,г,310.0,2.12,4.24
edostavka,Check-000070.pdf,2026-04-11 21:48:10,"Сливки""СНОВ""12%(пит,пленка)0.5л",1.0,л,0.5,3.25,3.25
edostavka,Check-000070.pdf,2026-04-11 21:48:10,"Мармелад жел.""КР.ПИЩЕВИК""(ап/л.дол)210г",1.0,г,210.0,2.64,2.64
edostavka,Check-000070.pdf,2026-04-11 21:48:10,"Картофель (ур. 2025) РБ, 1кг",2.464,кг,1.0,1.07,2.64
edostavka,Check-000070.pdf,2026-04-11 21:48:10,ГЗ Морковь (ур.2025) РБ 1кг,1.909,кг,1.0,1.35,2.58
edostavka,Check-000070.pdf,2026-04-11 21:48:10,"Батон ""ДЛЯ ВАШЕЙ СЕМЬИ""(нарез,в/с)240г",2.0,г,240.0,1.22,2.44
edostavka,Check-000070.pdf,2026-04-11 21:48:10,ГЗ Лук репчатый (урожай 2025) РБ 1кг,1.408,кг,1.0,1.68,2.37
edostavka,Check-000070.pdf,2026-04-11 21:48:10,ГЗ Свекла (Урожай 2025) РБ 1кг,1.6,кг,1.0,1.17,1.87
edostavka,Check-000071.pdf,2024-11-15 20:42:46,Пряники медовые 200г,5.0,г,200.0,1.99,9.95
edostavka,Check-000071.pdf,2024-11-15 20:42:46,"Блинчики""БАБУШКА АНЯ""(птица)420г",2.0,г,420.0,4.93,9.86
edostavka,Check-000071.pdf,2024-11-15 20:42:46,"Блинчики""БАБУШКА АНЯ""(с творогом)360г",2.0,г,360.0,4.42,8.84
edostavka,Check-000071.pdf,2024-11-15 20:42:46,"Молоко""ЗДРАВУШКА""3.4- 6%(паст,ПЭТ)0.93л",3.0,л,0.93,2.71,8.13
edostavka,Check-000071.pdf,2024-11-15 20:42:46,"Напиток к/м""EXP.HIGH-PRO""(дыня)250г",2.0,г,250.0,3.99,7.98
edostavka,Check-000071.pdf,2024-11-15 20:42:46,"Напиток к/м""EXP.HIGH- PRO""(безл,кл)250мл",2.0,л,250.0,3.99,7.98
edostavka,Check-000071.pdf,2024-11-15 20:42:46,"Яйцо куриное (С-1,бел,х10,карт.)Кобрин",2.0,л,,3.83,7.66
edostavka,Check-000071.pdf,2024-11-15 20:42:46,Хурма 1кг,1.15,кг,1.0,6.59,7.58
edostavka,Check-000071.pdf,2024-11-15 20:42:46,Зелень (укроп/петрушка) 100г,3.0,г,100.0,2.49,7.47
edostavka,Check-000071.pdf,2024-11-15 20:42:46,"Колбаса с/в""ПРАЖСКАЯ""(экс,игаз,мб)180г",1.0,г,180.0,6.82,6.82
edostavka,Check-000071.pdf,2024-11-15 20:42:46,Салфетки влажные 64шт,2.0,шт,64.0,3.29,6.58
edostavka,Check-000071.pdf,2024-11-15 20:42:46,"Хурма""КОРОЛЕК""1кг",0.994,кг,1.0,6.49,6.45
edostavka,Check-000071.pdf,2024-11-15 20:42:46,"Молоко""САВУШКИН""3.1%(у/пас,ТБА)1л",2.0,л,1.0,3.19,6.38
edostavka,Check-000071.pdf,2024-11-15 20:42:46,Мандарин 1 кг,1.195,кг,1.0,4.99,5.96
edostavka,Check-000071.pdf,2024-11-15 20:42:46,"Вафли""ВОСТОЧНЫЕ""(микс)210г",1.0,г,210.0,5.57,5.57
edostavka,Check-000071.pdf,2024-11-15 20:42:46,"Йогурт""TEOS""2%(греческ,орех-мёд)250г",2.0,г,250.0,2.54,5.08
edostavka,Check-000071.pdf,2024-11-15 20:42:46,"Йогурт""TEOS""2%(греческ,злак/кл.льна)250г",2.0,г,250.0,2.54,5.08
edostavka,Check-000071.pdf,2024-11-15 20:42:46,Банан 1кг,1.077,кг,1.0,4.59,4.94
edostavka,Check-000071.pdf,2024-11-15 20:42:46,"Пюре""НЕПОСЕДА""(ябл, кл,йог)185г",3.0,г,185.0,1.55,4.65
edostavka,Check-000071.pdf,2024-11-15 20:42:46,Томат (Беларусь)1кг,0.957,кг,1.0,4.79,4.58
edostavka,Check-000071.pdf,2024-11-15 20:42:46,"Напиток к/м""EXP.HIGH- PRO""(клуб/арб)250г",1.0,г,250.0,3.99,3.99
edostavka,Check-000071.pdf,2024-11-15 20:42:46,Пирожное корзиночка 90г,2.0,г,90.0,1.95,3.9
edostavka,Check-000071.pdf,2024-11-15 20:42:46,"Печенье""СЛОДЫЧ""(Мариэрта)430г",1.0,г,430.0,3.7,3.7
edostavka,Check-000071.pdf,2024-11-15 20:42:46,"Пюре""НЕПОСЕДА""(ябл, йог)185г",2.0,г,185.0,1.55,3.1
edostavka,Check-000071.pdf,2024-11-15 20:42:46,"Конс.мол.сгущ.""РОГАЧЕВЪ""8.5%(с/с)270г",1.0,г,270.0,2.71,2.71
edostavka,Check-000071.pdf,2024-11-15 20:42:46,"Вафли""ВИТОША""(шоколад)143г",1.0,г,143.0,1.88,1.88
edostavka,Check-000071.pdf,2024-11-15 20:42:46,Рогалик с маком 100г,2.0,г,100.0,0.89,1.78
edostavka,Check-000071.pdf,2024-11-15 20:42:46,"Вафли""СПАРТАК""(на фруктозе)100г",1.0,г,100.0,1.73,1.73
edostavka,Check-000071.pdf,2024-11-15 20:42:46,"Йогурт""БЕЛЛАКТ""2.9%(голубика,ДП)100г",2.0,г,100.0,0.77,1.54
edostavka,Check-000071.pdf,2024-11-15 20:42:46,"Йогурт""БЕЛЛАКТ""3%(малин./земл,ДП)100г",2.0,г,100.0,0.77,1.54
edostavka,Check-000071.pdf,2024-11-15 20:42:46,"Йогурт""БЕЛЛАКТ""3%(ябл,перс,бан,ДП)100г",2.0,г,100.0,0.77,1.54
edostavka,Check-000071.pdf,2024-11-15 20:42:46,"Йогурт""БЕЛЛАКТ""3%(черн-зем- еж,ст,ДП)100г",2.0,г,100.0,0.77,1.54
edostavka,Check-000072.pdf,2024-11-22 23:27:49,"Арахис""НИКИТИН""(жареный)200г",2.0,г,200.0,3.49,6.98
edostavka,Check-000072.pdf,2024-11-22 23:27:49,Морс клюквенный 0.5л,2.797,л,0.5,2.49,6.96
edostavka,Check-000072.pdf,2024-11-22 23:27:49,"Маршмеллоу ""БОН ПАРИ ""(кислые/суфле)65г",2.0,г,65.0,3.2,6.4
edostavka,Check-000072.pdf,2024-11-22 23:27:49,"Йогурт""TEOS""2%(греческ,клубник,стак)140г",4.0,г,140.0,1.59,6.36
edostavka,Check-000072.pdf,2024-11-22 23:27:49,"Йогурт""TEOS""2%(греческ,вишня,стак)140г",4.0,г,140.0,1.59,6.36
edostavka,Check-000072.pdf,2024-11-22 23:27:49,"Бекон св.""ЧЕРКИЗОВО""(мс,ивак,нар)180г",1.0,г,180.0,5.59,5.59
edostavka,Check-000072.pdf,2024-11-22 23:27:49,"Вафли""ВОСТОЧНЫЕ""(микс)210г",1.0,г,210.0,5.27,5.27
edostavka,Check-000072.pdf,2024-11-22 23:27:49,Банан 1кг,1.165,кг,1.0,4.45,5.18
edostavka,Check-000072.pdf,2024-11-22 23:27:49,"Йогурт""TEOS""2%(греческ,черника)250г",2.0,г,250.0,2.54,5.08
edostavka,Check-000072.pdf,2024-11-22 23:27:49,Мука пшеничная 2кг,1.275,кг,2.0,2.99,3.81
edostavka,Check-000072.pdf,2024-11-22 23:27:49,"Зефир жев.""ПУХЛЫЙ КРОЛИК""(пломб)85г",2.0,г,85.0,1.89,3.78
edostavka,Check-000072.pdf,2024-11-22 23:27:49,"Зефир жев.""ПУХЛЫЙ КРОЛИК""(Bubble Gum)85г",2.0,г,85.0,1.89,3.78
edostavka,Check-000072.pdf,2024-11-22 23:27:49,Уксус столовый 0.5л,1.849,л,0.5,1.89,3.49
edostavka,Check-000073.pdf,2024-11-29 22:17:03,"Подгузники-трусики детские, впитывающие ""TOKISAN""(р5,XL)40шт",1.0,шт,40.0,19.99,19.99
edostavka,Check-000073.pdf,2024-11-29 22:17:03,Конфеты шоколадные 250г,3.0,г,250.0,5.99,17.97
edostavka,Check-000073.pdf,2024-11-29 22:17:03,"Вафли""ВОСТОЧНЫЕ""(сгущ.с арахисом)190г",4.0,г,190.0,3.99,15.96
edostavka,Check-000073.pdf,2024-11-29 22:17:03,Колбаса вареная 400г,3.0,г,400.0,4.58,13.74
edostavka,Check-000073.pdf,2024-11-29 22:17:03,"Вареники""БАБУШКА АНЯ""(с творогом)430г",3.0,г,430.0,3.29,9.87
edostavka,Check-000073.pdf,2024-11-29 22:17:03,Хурма 1кг,1.175,кг,1.0,7.89,9.27
edostavka,Check-000073.pdf,2024-11-29 22:17:03,Виноград черный 1кг,0.938,кг,1.0,8.99,8.43
edostavka,Check-000073.pdf,2024-11-29 22:17:03,"Молоко""ЗДРАВУШКА""3.4- 6%(паст,ПЭТ)0.93 л",3.0,л,0.93,2.71,8.13
edostavka,Check-000073.pdf,2024-11-29 22:17:03,"Салфетки влаж.дет""WATASHI""(д- пант.)80шт",2.0,шт,80.0,3.99,7.98
edostavka,Check-000073.pdf,2024-11-29 22:17:03,Мандарин 1 кг,1.107,кг,1.0,7.15,7.92
edostavka,Check-000073.pdf,2024-11-29 22:17:03,"Тыква""КРАУН ПРИНЦ""(Беларусь)1кг",2.48,кг,1.0,2.79,6.92
edostavka,Check-000073.pdf,2024-11-29 22:17:03,"Колбаса с/в""ПРАЖСКАЯ""(экс,игаз,мб)180г",1.0,г,180.0,6.82,6.82
edostavka,Check-000073.pdf,2024-11-29 22:17:03,"Зефир жев.""ПУХЛЫЙ КРОЛИК""(Bubble Gum)85г",3.0,г,85.0,1.89,5.67
edostavka,Check-000073.pdf,2024-11-29 22:17:03,Молоко 1.5% 1л,1.923,л,1.0,2.75,5.29
edostavka,Check-000073.pdf,2024-11-29 22:17:03,Яблоко Гренни Смит 1кг,0.845,кг,1.0,5.99,5.06
edostavka,Check-000073.pdf,2024-11-29 22:17:03,"Киви""БАБОЧКА""1кг",0.896,кг,1.0,5.59,5.01
edostavka,Check-000073.pdf,2024-11-29 22:17:03,Шпроты 160г,1.0,г,160.0,4.49,4.49
edostavka,Check-000073.pdf,2024-11-29 22:17:03,"Напиток к/м""EXP.HIGH- PRO""(безл,кл)0.25кг",1.0,кг,0.25,3.99,3.99
edostavka,Check-000073.pdf,2024-11-29 22:17:03,"Напиток к/м""EXP.HIGH-PRO""(кл/арб)0.25кг",1.0,кг,0.25,3.99,3.99
edostavka,Check-000073.pdf,2024-11-29 22:17:03,"Зефир жев.""ПУХЛЫЙ КРОЛИК""(клуб/слив)85г",2.0,г,85.0,1.89,3.78
edostavka,Check-000073.pdf,2024-11-29 22:17:03,"Печенье""СЛОДЫЧ""(Мариэрта)430г",1.0,г,430.0,3.7,3.7
edostavka,Check-000073.pdf,2024-11-29 22:17:03,"Йогурт""БЕЛЛАКТ""2.9%(голубика,ДП)100г",2.0,г,100.0,0.77,1.54
edostavka,Check-000073.pdf,2024-11-29 22:17:03,"Йогурт""БЕЛЛАКТ""3%(черн-зем- еж,ст,ДП)100г",2.0,г,100.0,0.77,1.54
edostavka,Check-000073.pdf,2024-11-29 22:17:03,"Йогурт""БЕЛЛАКТ""3%(малин./земл,ДП)100г",2.0,г,100.0,0.77,1.54
edostavka,Check-000073.pdf,2024-11-29 22:17:03,"Йогурт""БЕЛЛАКТ""3%(ябл,перс,бан,ДП)100г",2.0,г,100.0,0.77,1.54
edostavka,Check-000074.pdf,2024-12-06 19:13:11,"Молоко""ЗДРАВУШКА""3.4- 6%(паст,ПЭТ)0.93 л",4.0,л,0.93,2.6,10.4
edostavka,Check-000074.pdf,2024-12-06 19:13:11,"Карбонад св.""ДОМАШНИЙ""(к/в,в/у,п/н)1кг",0.452,кг,1.0,22.67,10.25
edostavka,Check-000074.pdf,2024-12-06 19:13:11,Апельсин 1кг,1.586,кг,1.0,5.79,9.18
edostavka,Check-000074.pdf,2024-12-06 19:13:11,"Вафли""ВОСТОЧНЫЕ""(микс)210г",2.0,г,210.0,4.49,8.98
edostavka,Check-000074.pdf,2024-12-06 19:13:11,Хурма 1кг,1.145,кг,1.0,7.59,8.69
edostavka,Check-000074.pdf,2024-12-06 19:13:11,"Молоко""ЗДРАВУШКА""3.2%(стер,ТБА)1л",3.0,л,1.0,2.76,8.28
edostavka,Check-000074.pdf,2024-12-06 19:13:11,"Напиток к/м""EXP.HIGH- PRO""(безл,кл)0.25кг",2.0,кг,0.25,3.99,7.98
edostavka,Check-000074.pdf,2024-12-06 19:13:11,"Колбаса с/в""БИРОБИДЖАН""(экс,игаз,мб)180г",1.0,г,180.0,6.97,6.97
edostavka,Check-000074.pdf,2024-12-06 19:13:11,"Колбаса с/в""ПРАЖСКАЯ""(экс,игаз,мб)180г",1.0,г,180.0,6.88,6.88
edostavka,Check-000074.pdf,2024-12-06 19:13:11,"Сметана ""ЗДРАВУШКА""24% (пленка)400г",2.0,г,400.0,3.42,6.84
edostavka,Check-000074.pdf,2024-12-06 19:13:11,"Йогурт""TEOS""2%(греческ,клубник,стак)140г",4.0,г,140.0,1.6,6.4
edostavka,Check-000074.pdf,2024-12-06 19:13:11,"Йогурт""TEOS""2%(греческ,вишня,стак)140г",4.0,г,140.0,1.6,6.4
edostavka,Check-000074.pdf,2024-12-06 19:13:11,"Зефир жев.""ПУХЛЫЙ КРОЛИК""(Bubble Gum)85г",3.0,г,85.0,1.89,5.67
edostavka,Check-000074.pdf,2024-12-06 19:13:11,Сливки 10% 0.5л,2.275,л,0.5,2.49,5.66
edostavka,Check-000074.pdf,2024-12-06 19:13:11,Банан 1кг,1.2,кг,1.0,4.59,5.51
edostavka,Check-000074.pdf,2024-12-06 19:13:11,"Кетчуп""МАХЕЕВЪ""(Болгарский)500г",1.0,г,500.0,5.41,5.41
edostavka,Check-000074.pdf,2024-12-06 19:13:11,Авокадо Хасс 1кг,0.516,кг,1.0,9.99,5.15
edostavka,Check-000074.pdf,2024-12-06 19:13:11,"Йогурт""TEOS""2%(греческ,черника)250г",2.0,г,250.0,2.55,5.1
edostavka,Check-000074.pdf,2024-12-06 19:13:11,"Крупа гречневая""МЕЛЬКРУП""(ядрица)800г",2.0,г,800.0,2.52,5.04
edostavka,Check-000074.pdf,2024-12-06 19:13:11,"Кетчуп""МАХЕЕВЪ""(шашлычный пакет)500г",1.0,г,500.0,4.98,4.98
edostavka,Check-000074.pdf,2024-12-06 19:13:11,"Киви""БАБОЧКА""1кг",0.86,кг,1.0,5.79,4.98
edostavka,Check-000074.pdf,2024-12-06 19:13:11,"Арахис""НИКИТИН""(жареный)200г",1.0,г,200.0,4.39,4.39
edostavka,Check-000074.pdf,2024-12-06 19:13:11,"Печенье""СЛОДЫЧ""(Мариэрта)430г",1.0,г,430.0,3.7,3.7
edostavka,Check-000074.pdf,2024-12-06 19:13:11,"Мак.изд""PASTA ZARA"" (№80,в/с) 500г",1.0,г,500.0,3.28,3.28
edostavka,Check-000074.pdf,2024-12-06 19:13:11,"Хлебцы""ПОЛОЦКИЕ""(экстр,бородинские)80г",2.0,г,80.0,1.25,2.5
edostavka,Check-000074.pdf,2024-12-06 19:13:11,Пюре фруктовое 185г,1.0,г,185.0,1.67,1.67
edostavka,Check-000074.pdf,2024-12-06 19:13:11,"Йогурт""БЕЛЛАКТ""3%(черн-зем- еж,ст,ДП)100г",2.0,г,100.0,0.77,1.54
edostavka,Check-000074.pdf,2024-12-06 19:13:11,"Йогурт""БЕЛЛАКТ""3%(ябл,перс,бан,ДП)100г",2.0,г,100.0,0.77,1.54
edostavka,Check-000074.pdf,2024-12-06 19:13:11,"Йогурт""БЕЛЛАКТ""2.9%(голубика,ДП)100г",2.0,г,100.0,0.77,1.54
edostavka,Check-000074.pdf,2024-12-06 19:13:11,"Йогурт""БЕЛЛАКТ""3%(малин./земл,ДП)100г",2.0,г,100.0,0.77,1.54
edostavka,Check-000075.pdf,2024-12-17 22:30:32,"П/ф Фарш""ФЕРМЕР.МИКС С ИНДЕЙК.""(охл)500г",1.0,г,500.0,13.99,13.99
edostavka,Check-000075.pdf,2024-12-17 22:30:32,Груша 1кг,1.957,кг,1.0,6.49,12.7
edostavka,Check-000075.pdf,2024-12-17 22:30:32,"П\ф фарш мясной ""ДОМАШНИЙ"" (охл.) 1/500",1.0,л,500.0,12.29,12.29
edostavka,Check-000075.pdf,2024-12-17 22:30:32,Куриное крыло 1кг,1.571,кг,1.0,7.49,11.77
edostavka,Check-000075.pdf,2024-12-17 22:30:32,"Мякоть бедра ц/б охл.""ПЕТРУХА""(фас)750г",1.0,г,750.0,11.07,11.07
edostavka,Check-000075.pdf,2024-12-17 22:30:32,"Молоко""ЗДРАВУШКА""3.2%(стер,ТБА)1л",4.0,л,1.0,2.76,11.04
edostavka,Check-000075.pdf,2024-12-17 22:30:32,"П/ф фарш ""ПАНСКИЙ"" (охл) 500г",1.0,г,500.0,10.89,10.89
edostavka,Check-000075.pdf,2024-12-17 22:30:32,"Молоко""ЗДРАВУШКА""3.4- 6%(паст,ПЭТ)0.93 л",4.0,л,0.93,2.6,10.4
edostavka,Check-000075.pdf,2024-12-17 22:30:32,"Салат""АЙСБЕРГ""1кг",0.953,кг,1.0,8.99,8.57
edostavka,Check-000075.pdf,2024-12-17 22:30:32,"Напиток к/м""EXP.HIGH- PRO""(безл,кл)0.25кг",2.0,кг,0.25,3.99,7.98
edostavka,Check-000075.pdf,2024-12-17 22:30:32,"Зефир жев.""ПУХЛЫЙ КРОЛИК""(Bubble Gum)85г",3.0,г,85.0,2.65,7.95
edostavka,Check-000075.pdf,2024-12-17 22:30:32,Клементин(Италия) 1 кг,0.962,кг,1.0,7.99,7.69
edostavka,Check-000075.pdf,2024-12-17 22:30:32,"Апельсин (сетка,Испания)1кг",1.104,кг,1.0,6.59,7.28
edostavka,Check-000075.pdf,2024-12-17 22:30:32,Хлеб ржаной 400г,5.0,г,400.0,1.39,6.95
edostavka,Check-000075.pdf,2024-12-17 22:30:32,"Йогурт""TEOS""2%(греческ,вишня,стак)140г",4.0,г,140.0,1.6,6.4
edostavka,Check-000075.pdf,2024-12-17 22:30:32,"Йогурт""TEOS""2%(греческ,клубник,стак)140г",4.0,г,140.0,1.6,6.4
edostavka,Check-000075.pdf,2024-12-17 22:30:32,"Виноград""ТАЙФИ""1кг",1.101,кг,1.0,5.79,6.37
edostavka,Check-000075.pdf,2024-12-17 22:30:32,Банан 1кг,1.152,кг,1.0,5.29,6.09
edostavka,Check-000075.pdf,2024-12-17 22:30:32,"Туалетная бумага «Zeno Premium» трехслойная, 8 рулонов",1.0,шт,,5.73,5.73
edostavka,Check-000075.pdf,2024-12-17 22:30:32,"Йогурт""TEOS""2%(греческ,черника)250г",2.0,г,250.0,2.55,5.1
edostavka,Check-000075.pdf,2024-12-17 22:30:32,"Арахис""НИКИТИН""(жареный)200г",1.0,г,200.0,4.39,4.39
edostavka,Check-000075.pdf,2024-12-17 22:30:32,Картофель мелкий сухой чистки фас. 1кг,3.476,кг,1.0,1.06,3.68
edostavka,Check-000075.pdf,2024-12-17 22:30:32,"Конс.мол.сгущ.""РОГАЧЕВЪ""8.5%(с/с)270г",1.0,г,270.0,2.8,2.8
edostavka,Check-000075.pdf,2024-12-17 22:30:32,Творог зерненый 5% 200г,1.0,г,200.0,2.55,2.55
edostavka,Check-000075.pdf,2024-12-17 22:30:32,Мята 20г,1.0,г,20.0,1.85,1.85
edostavka,Check-000075.pdf,2024-12-17 22:30:32,Морковь мытая (пакет)1кг,1.0,кг,1.0,1.69,1.69
edostavka,Check-000075.pdf,2024-12-17 22:30:32,Капуста белокочанная(урожай 2024)РБ 1кг,1.438,кг,1.0,1.12,1.61
edostavka,Check-000076.pdf,2024-12-28 19:21:59,Апельсин ЕГИПЕТ 1 кг,2.405,кг,1.0,5.99,14.41
edostavka,Check-000076.pdf,2024-12-28 19:21:59,"П\ф фарш мясной ""ДОМАШНИЙ"" (охл.) 1/500",1.0,л,500.0,12.29,12.29
edostavka,Check-000076.pdf,2024-12-28 19:21:59,"П/ф фарш ""ПАНСКИЙ"" (охл) 500г",1.0,г,500.0,11.79,11.79
edostavka,Check-000076.pdf,2024-12-28 19:21:59,Мандарин Иран 1кг,1.678,кг,1.0,6.99,11.73
edostavka,Check-000076.pdf,2024-12-28 19:21:59,"Яйцо куриное (С-1,бел,х10,карт.)Кобрин",3.0,л,,3.86,11.58
edostavka,Check-000076.pdf,2024-12-28 19:21:59,"Молоко""ЗДРАВУШКА""3.4- 6%(паст,ПЭТ)0.93 л",4.0,л,0.93,2.6,10.4
edostavka,Check-000076.pdf,2024-12-28 19:21:59,"Йогурт""TEOS""2%(греческ,черника)250г",4.0,г,250.0,2.55,10.2
edostavka,Check-000076.pdf,2024-12-28 19:21:59,"Блинчики""БАБУШКА АНЯ""(с мясом)420г",2.0,г,420.0,5.1,10.2
edostavka,Check-000076.pdf,2024-12-28 19:21:59,"Колбаса с/в""ПАРМА""(м/пт,порц,сал)180г",1.0,г,180.0,10.06,10.06
edostavka,Check-000076.pdf,2024-12-28 19:21:59,"Арахис""НИКИТИН""(жареный)200г",2.0,г,200.0,4.39,8.78
edostavka,Check-000076.pdf,2024-12-28 19:21:59,Рис пропаренный 900г,2.0,г,900.0,4.19,8.38
edostavka,Check-000076.pdf,2024-12-28 19:21:59,"Молоко""ЗДРАВУШКА""3.2%(стер,ТБА)1л",3.0,л,1.0,2.76,8.28
edostavka,Check-000076.pdf,2024-12-28 19:21:59,"Салат""АЙСБЕРГ""1кг",0.632,кг,1.0,10.99,6.95
edostavka,Check-000076.pdf,2024-12-28 19:21:59,"Колбаса с/в""ПРАЖСКАЯ""(экс,игаз,мб)180г",1.0,г,180.0,6.88,6.88
edostavka,Check-000076.pdf,2024-12-28 19:21:59,"Мак.изд""PASTA ZARA"" (№80,в/с) 500г",2.0,г,500.0,3.41,6.82
edostavka,Check-000076.pdf,2024-12-28 19:21:59,Банан 1кг,1.128,кг,1.0,5.99,6.76
edostavka,Check-000076.pdf,2024-12-28 19:21:59,"Йогурт""TEOS""2%(греческ,вишня,стак)140г",4.0,г,140.0,1.6,6.4
edostavka,Check-000076.pdf,2024-12-28 19:21:59,"Йогурт""TEOS""2%(греческ,клубник,стак)140г",4.0,г,140.0,1.6,6.4
edostavka,Check-000076.pdf,2024-12-28 19:21:59,"Виноград""ТАЙФИ""1кг",1.114,кг,1.0,5.39,6.0
edostavka,Check-000076.pdf,2024-12-28 19:21:59,Печенье овсяное 200г,3.0,г,200.0,1.89,5.67
edostavka,Check-000076.pdf,2024-12-28 19:21:59,"Пюре""НЕПОСЕДА""(ябл, кл,йог)185г",3.0,г,185.0,1.67,5.01
edostavka,Check-000076.pdf,2024-12-28 19:21:59,"Пюре""НЕПОСЕДА""(ябл/бан со слив/твор)185г",3.0,г,185.0,1.67,5.01
edostavka,Check-000076.pdf,2024-12-28 19:21:59,"Пюре""НЕПОСЕДА""(ябл/банана)185г",3.0,г,185.0,1.56,4.68
edostavka,Check-000076.pdf,2024-12-28 19:21:59,"Напиток к/м""EXP.HIGH-PRO""(кл/арб)0.25кг",1.0,кг,0.25,3.99,3.99
edostavka,Check-000076.pdf,2024-12-28 19:21:59,"Печенье""СЛОДЫЧ""(Мариэрта)430г",1.0,г,430.0,3.7,3.7
edostavka,Check-000076.pdf,2024-12-28 19:21:59,"Сметана ""ЗДРАВУШКА""24% (пленка)400г",1.0,г,400.0,3.42,3.42
edostavka,Check-000076.pdf,2024-12-28 19:21:59,"Пюре""ТОПТЫШКА""(ябл,черника,сл)РБ 190г",2.0,г,190.0,1.66,3.32
edostavka,Check-000076.pdf,2024-12-28 19:21:59,Грейпфрут красный 1кг,0.382,кг,1.0,5.89,2.25
edostavka,Check-000076.pdf,2024-12-28 19:21:59,Свекла свежая (урожай 2024) РБ 1кг,1.531,кг,1.0,1.03,1.58
edostavka,Check-000076.pdf,2024-12-28 19:21:59,"Йогурт""БЕЛЛАКТ""3%(малин./земл,ДП)100г",2.0,г,100.0,0.77,1.54
edostavka,Check-000076.pdf,2024-12-28 19:21:59,"Йогурт""БЕЛЛАКТ""2.9%(голубика,ДП)100г",2.0,г,100.0,0.77,1.54
edostavka,Check-000076.pdf,2024-12-28 19:21:59,"Йогурт""БЕЛЛАКТ""3%(ябл,перс,бан,ДП)100г",2.0,г,100.0,0.77,1.54
edostavka,Check-000076.pdf,2024-12-28 19:21:59,"Йогурт""БЕЛЛАКТ""3%(черн-зем- еж,ст,ДП)100г",2.0,г,100.0,0.77,1.54
edostavka,Check-000076.pdf,2024-12-28 19:21:59,"Пюре""ТОПТЫШКА""(яблоко/сливки)190г",1.0,г,190.0,1.35,1.35
edostavka,Check-000076.pdf,2024-12-28 19:21:59,"Хлебцы""ПОЛОЦКИЕ""(экстр,бородинские)80г",1.0,г,80.0,1.25,1.25
edostavka,Check-000076.pdf,2024-12-28 19:21:59,Свекла 1кг,0.511,кг,1.0,1.75,0.89
edostavka,Check-000077.pdf,2025-01-04 21:42:16,"Филе ц/б охл.""ДЗЕРЖИНКА""(фас)1кг",0.958,кг,1.0,16.23,15.55
edostavka,Check-000077.pdf,2025-01-04 21:42:16,Сливочное масло 72.5% 180г,3.0,г,180.0,4.85,14.55
edostavka,Check-000077.pdf,2025-01-04 21:42:16,Помело 1 кг,2.323,кг,1.0,6.07,14.1
edostavka,Check-000077.pdf,2025-01-04 21:42:16,"Блинчики""БАБУШКА АНЯ""(с творогом)360г",3.0,г,360.0,4.57,13.71
edostavka,Check-000077.pdf,2025-01-04 21:42:16,Треска филе 500г,1.0,г,500.0,12.99,12.99
edostavka,Check-000077.pdf,2025-01-04 21:42:16,"Молоко""ЗДРАВУШКА""3.4- 6%(паст,ПЭТ)0.93 л",4.0,л,0.93,2.6,10.4
edostavka,Check-000077.pdf,2025-01-04 21:42:16,Мандарин Иран 1кг,1.28,кг,1.0,6.99,8.95
edostavka,Check-000077.pdf,2025-01-04 21:42:16,"Бумага туал.""PAPIA""(балий.цвет,3сл)8рул",1.0,л,,8.78,8.78
edostavka,Check-000077.pdf,2025-01-04 21:42:16,"Напиток к/м""EXP.HIGH- PRO""(безл,кл)0.25кг",2.0,кг,0.25,4.29,8.58
edostavka,Check-000077.pdf,2025-01-04 21:42:16,"Голень ц/б охл.""ДЗЕРЖИНКА""(фас)1кг",0.854,кг,1.0,8.6,7.34
edostavka,Check-000077.pdf,2025-01-04 21:42:16,Апельсин ЕГИПЕТ 1 кг,1.138,кг,1.0,6.33,7.2
edostavka,Check-000077.pdf,2025-01-04 21:42:16,Грейпфрут белый 1кг,0.962,кг,1.0,6.99,6.72
edostavka,Check-000077.pdf,2025-01-04 21:42:16,Банан 1кг,1.081,кг,1.0,5.99,6.48
edostavka,Check-000077.pdf,2025-01-04 21:42:16,"Йогурт""TEOS""2%(греческ,клубник,стак)140г",4.0,г,140.0,1.6,6.4
edostavka,Check-000077.pdf,2025-01-04 21:42:16,"Йогурт""TEOS""2%(греческ,вишня,стак)140г",4.0,г,140.0,1.6,6.4
edostavka,Check-000077.pdf,2025-01-04 21:42:16,"Молоко""ЗДРАВУШКА""3.2%(стер,ТБА)1л",2.0,л,1.0,2.76,5.52
edostavka,Check-000077.pdf,2025-01-04 21:42:16,"Огурцы марин.""MIKADO""(деликат)370мл",1.0,л,370.0,5.29,5.29
edostavka,Check-000077.pdf,2025-01-04 21:42:16,"Йогурт""TEOS""2%(греческ,черника)250г",2.0,г,250.0,2.55,5.1
edostavka,Check-000077.pdf,2025-01-04 21:42:16,"Соус""КАМАКО""(китайский острый)180г",1.0,г,180.0,4.59,4.59
edostavka,Check-000077.pdf,2025-01-04 21:42:16,"Соус""КАМАКО""(китайский сладкий)180г",1.0,г,180.0,4.59,4.59
edostavka,Check-000077.pdf,2025-01-04 21:42:16,Батон с отрубями 300г,3.0,г,300.0,1.45,4.35
edostavka,Check-000077.pdf,2025-01-04 21:42:16,"Напиток к/м""EXP.HIGH- PRO""(мал/бан)0.25кг",1.0,кг,0.25,3.99,3.99
edostavka,Check-000077.pdf,2025-01-04 21:42:16,"Хлебцы""ПОЛОЦКИЕ""(экстр,бородинские)80г",3.0,г,80.0,1.25,3.75
edostavka,Check-000077.pdf,2025-01-04 21:42:16,Кефир 3.2% 1л,1.096,л,1.0,2.95,3.23
edostavka,Check-000077.pdf,2025-01-04 21:42:16,"Творог""БЕЛЛАКТ""ДП 4%(груша,ст.)100г",3.0,г,100.0,1.06,3.18
edostavka,Check-000077.pdf,2025-01-04 21:42:16,"Творог""БЕЛЛАКТ""ДП 4%(персик- клубн.)100г",3.0,г,100.0,0.99,2.97
edostavka,Check-000077.pdf,2025-01-04 21:42:16,"Творог""БЕЛЛАКТ""ДП 4%(банан- землян.)100г",3.0,г,100.0,0.99,2.97
edostavka,Check-000077.pdf,2025-01-04 21:42:16,"Батон нарез.""ДЛЯ ВАШЕЙ СЕМЬИ""(в/с)500г",1.0,г,500.0,1.98,1.98
edostavka,Check-000077.pdf,2025-01-04 21:42:16,"Хлебцы""ПОЛОЦКИЕ""(экстр,ржан.с чесн)80г",1.0,г,80.0,1.39,1.39
edostavka,Check-000078.pdf,2025-01-09 21:48:07,"Напиток к/м""EXP.BIO- SKYR""(безл,ан/к0,5кг",2.0,кг,0.5,4.99,9.98
edostavka,Check-000078.pdf,2025-01-09 21:48:07,"Яйцо куриное ""OMEGGA3"" (С-2, 10 шт)",3.0,шт,10.0,2.99,8.97
edostavka,Check-000078.pdf,2025-01-09 21:48:07,"Апельсин (в сетке, вес)кг",1.21,кг,,7.29,8.82
edostavka,Check-000078.pdf,2025-01-09 21:48:07,"Напиток к/м""EXP.BIO-SKYR""(чер/гол)0,5кг",2.0,кг,0.5,4.29,8.58
edostavka,Check-000078.pdf,2025-01-09 21:48:07,"Напиток к/м""EXP.HIGH- PRO""(безл,кл)0.25кг",2.0,кг,0.25,4.29,8.58
edostavka,Check-000078.pdf,2025-01-09 21:48:07,"Крупа гречневая""МЕЛЬКРУП""(ядрица)800г",3.0,г,800.0,2.6,7.8
edostavka,Check-000078.pdf,2025-01-09 21:48:07,"Йогурт""TEOS""2%(греческ,черника)250г",3.0,г,250.0,2.55,7.65
edostavka,Check-000078.pdf,2025-01-09 21:48:07,"Салат""АЙСБЕРГ""1кг",0.667,кг,1.0,10.99,7.33
edostavka,Check-000078.pdf,2025-01-09 21:48:07,Апельсин 1кг,1.588,кг,1.0,4.39,6.97
edostavka,Check-000078.pdf,2025-01-09 21:48:07,Ряженка 4% 0.93л,2.295,л,0.93,2.85,6.54
edostavka,Check-000078.pdf,2025-01-09 21:48:07,"Йогурт""TEOS""2%(греческ,вишня,стак)140г",4.0,г,140.0,1.6,6.4
edostavka,Check-000078.pdf,2025-01-09 21:48:07,Пряники медовые 200г,3.0,г,200.0,1.99,5.97
edostavka,Check-000078.pdf,2025-01-09 21:48:07,"Виноград""ТАЙФИ""1кг",1.05,кг,1.0,5.59,5.87
edostavka,Check-000078.pdf,2025-01-09 21:48:07,Банан 1кг,1.116,кг,1.0,5.25,5.86
edostavka,Check-000078.pdf,2025-01-09 21:48:07,"Молоко""ЗДРАВУШКА""3.2%(стер,ТБА)1л",2.0,л,1.0,2.76,5.52
edostavka,Check-000078.pdf,2025-01-09 21:48:07,Авокадо Хасс 1кг,0.328,кг,1.0,15.99,5.24
edostavka,Check-000078.pdf,2025-01-09 21:48:07,Виноград черный 1кг,0.543,кг,1.0,9.59,5.21
edostavka,Check-000078.pdf,2025-01-09 21:48:07,Йогурт греческий 5% 250г,2.0,г,250.0,2.55,5.1
edostavka,Check-000078.pdf,2025-01-09 21:48:07,"Масло сл/сл""СЛАВ.ТРАДИЦИИ""82.5%,180г",1.0,г,180.0,4.9,4.9
edostavka,Check-000078.pdf,2025-01-09 21:48:07,Шоколад молочный 100г,1.0,г,100.0,3.99,3.99
edostavka,Check-000078.pdf,2025-01-09 21:48:07,Лук репчатый 1кг,2.318,кг,1.0,1.65,3.82
edostavka,Check-000078.pdf,2025-01-09 21:48:07,Яблоко Гренни Смит 1кг,0.5,кг,1.0,5.99,3.0
edostavka,Check-000078.pdf,2025-01-09 21:48:07,Грейпфрут красный 1кг,0.355,кг,1.0,6.25,2.22
edostavka,Check-000078.pdf,2025-01-09 21:48:07,"Батон нарез.""ДЛЯ ВАШЕЙ СЕМЬИ""(в/с)500г",1.0,г,500.0,1.98,1.98
edostavka,Check-000079.pdf,2025-01-14 19:03:07,Фарш из филе цыпленка (зам) 1/500,1.0,шт,500.0,12.29,12.29
edostavka,Check-000079.pdf,2025-01-14 19:03:07,"Туалетная бумага «Zeno Premium» трехслойная, 8 рулонов",2.0,шт,,5.73,11.46
edostavka,Check-000079.pdf,2025-01-14 19:03:07,"Молоко""ЗДРАВУШКА""3.4- 6%(паст,ПЭТ)0.93 л",4.0,л,0.93,2.6,10.4
edostavka,Check-000079.pdf,2025-01-14 19:03:07,"Салат""АЙСБЕРГ""1кг",0.888,кг,1.0,10.99,9.76
edostavka,Check-000079.pdf,2025-01-14 19:03:07,"Мандарин ""НОВА"" 1 кг",0.987,кг,1.0,9.49,9.37
edostavka,Check-000079.pdf,2025-01-14 19:03:07,"Арахис""НИКИТИН""(жареный)200г",2.0,г,200.0,4.39,8.78
edostavka,Check-000079.pdf,2025-01-14 19:03:07,"Апельсин (в сетке, вес)кг",1.24,кг,,6.89,8.54
edostavka,Check-000079.pdf,2025-01-14 19:03:07,"Сыр мягк.""BONFESTO""70%(cлив)500г",1.0,г,500.0,8.53,8.53
edostavka,Check-000079.pdf,2025-01-14 19:03:07,"Вареники""БАБУШКА АНЯ""(с творогом)430г",2.0,г,430.0,4.16,8.32
edostavka,Check-000079.pdf,2025-01-14 19:03:07,"Молоко""ЗДРАВУШКА""3.2%(стер,ТБА)1л",3.0,л,1.0,2.76,8.28
edostavka,Check-000079.pdf,2025-01-14 19:03:07,"Йогурт""TEOS""2%(греческ,черника)250г",3.0,г,250.0,2.55,7.65
edostavka,Check-000079.pdf,2025-01-14 19:03:07,Апельсин 1кг,1.31,кг,1.0,5.79,7.58
edostavka,Check-000079.pdf,2025-01-14 19:03:07,Банан 1кг,1.155,кг,1.0,5.99,6.92
edostavka,Check-000079.pdf,2025-01-14 19:03:07,"Йогурт""TEOS""2%(греческ,клубник,стак)140г",4.0,г,140.0,1.6,6.4
edostavka,Check-000079.pdf,2025-01-14 19:03:07,"Йогурт""TEOS""2%(греческ,вишня,стак)140г",4.0,г,140.0,1.6,6.4
edostavka,Check-000079.pdf,2025-01-14 19:03:07,"Виноград""ТАЙФИ""1кг",1.089,кг,1.0,5.79,6.31
edostavka,Check-000079.pdf,2025-01-14 19:03:07,"Пюре""ТОПТЫШКА""(фруктовый салатик)190г",4.0,г,190.0,1.57,6.28
edostavka,Check-000079.pdf,2025-01-14 19:03:07,Картофель (мытый)1кг,2.424,кг,1.0,2.49,6.04
edostavka,Check-000079.pdf,2025-01-14 19:03:07,Картофель мытый 1кг,2.05,кг,1.0,2.49,5.1
edostavka,Check-000079.pdf,2025-01-14 19:03:07,"Пюре""НЕПОСЕДА""(ябл/бан со слив/твор)185г",3.0,г,185.0,1.67,5.01
edostavka,Check-000079.pdf,2025-01-14 19:03:07,"Пюре""НЕПОСЕДА""(ябл/банана)185г",3.0,г,185.0,1.56,4.68
edostavka,Check-000079.pdf,2025-01-14 19:03:07,"Пюре""ТОПТЫШКА""(яблоко/творог)190г",3.0,г,190.0,1.36,4.08
edostavka,Check-000079.pdf,2025-01-14 19:03:07,"Яйцо куриное ""OMEGGA3"" (С-2, 10 шт)",1.0,шт,10.0,3.65,3.65
edostavka,Check-000079.pdf,2025-01-14 19:03:07,"Мак.изд""PASTA ZARA"" (№80,в/с) 500г",1.0,г,500.0,3.43,3.43
edostavka,Check-000079.pdf,2025-01-14 19:03:07,"Сметана ""ЗДРАВУШКА""24% (пленка)400г",1.0,г,400.0,3.42,3.42
edostavka,Check-000079.pdf,2025-01-14 19:03:07,Вода газированная 1.5л,1.86,л,1.5,1.69,3.14
edostavka,Check-000079.pdf,2025-01-14 19:03:07,Пастила фруктовая 200г,1.0,г,200.0,2.89,2.89
edostavka,Check-000079.pdf,2025-01-14 19:03:07,"Морковь мытая""АГРОЛАЙН""(фасован)1кг",1.16,кг,1.0,2.29,2.66
edostavka,Check-000079.pdf,2025-01-14 19:03:07,"Лук репчатый(мелкий,урожай 2024)РБ 1кг",1.285,кг,1.0,1.68,2.16
edostavka,Check-000079.pdf,2025-01-14 19:03:07,"Батон нарез.""ДЛЯ ВАШЕЙ СЕМЬИ""(в/с)500г",1.0,г,500.0,1.98,1.98
edostavka,Check-000079.pdf,2025-01-14 19:03:07,Лимон 1кг,0.32,кг,1.0,5.99,1.92
edostavka,Check-000079.pdf,2025-01-14 19:03:07,"Пюре""ТОПТЫШКА""(ябл/бан/сливки/твор)190г",1.0,г,190.0,1.57,1.57
edostavka,Check-000079.pdf,2025-01-14 19:03:07,"Йогурт""БЕЛЛАКТ""3%(ябл,перс,бан,ДП)100г",2.0,г,100.0,0.77,1.54
edostavka,Check-000079.pdf,2025-01-14 19:03:07,"Йогурт""БЕЛЛАКТ""3%(черн-зем- еж,ст,ДП)100г",2.0,г,100.0,0.77,1.54
edostavka,Check-000079.pdf,2025-01-14 19:03:07,"Йогурт""БЕЛЛАКТ""3%(малин./земл,ДП)100г",2.0,г,100.0,0.77,1.54
edostavka,Check-000080.pdf,2025-01-25 23:23:10,"Салфетки влаж.дет""WATASHI"" (0+)64шт",4.0,шт,64.0,3.29,13.16
edostavka,Check-000080.pdf,2025-01-25 23:23:10,"Мякоть бедра ц/б охл.""ПЕТРУХА""(фас)750г",1.0,г,750.0,11.07,11.07
edostavka,Check-000080.pdf,2025-01-25 23:23:10,"Молоко""ЗДРАВУШКА""3.4- 6%(паст,ПЭТ)0.93 л",4.0,л,0.93,2.6,10.4
edostavka,Check-000080.pdf,2025-01-25 23:23:10,"Йогурт""TEOS""2%(греческ,черника)250г",4.0,г,250.0,2.55,10.2
edostavka,Check-000080.pdf,2025-01-25 23:23:10,"Блинчики""БАБУШКА АНЯ""(с творогом)360г",2.0,г,360.0,4.57,9.14
edostavka,Check-000080.pdf,2025-01-25 23:23:10,Сыр плавленый 55% 180г,3.0,г,180.0,2.95,8.85
edostavka,Check-000080.pdf,2025-01-25 23:23:10,Сгущенка вареная 8.5% 360г,2.0,г,360.0,4.2,8.4
edostavka,Check-000080.pdf,2025-01-25 23:23:10,"Колбаса с/в""ПРАЖСКАЯ""(экс,игаз,мб)180г",1.0,г,180.0,6.88,6.88
edostavka,Check-000080.pdf,2025-01-25 23:23:10,Банан 1кг,1.165,кг,1.0,5.79,6.75
edostavka,Check-000080.pdf,2025-01-25 23:23:10,"Йогурт""TEOS""2%(греческ,вишня,стак)140г",4.0,г,140.0,1.6,6.4
edostavka,Check-000080.pdf,2025-01-25 23:23:10,"Йогурт""TEOS""2%(греческ,клубник,стак)140г",4.0,г,140.0,1.6,6.4
edostavka,Check-000080.pdf,2025-01-25 23:23:10,"Каша""БЕЛЛАКТ""(на козьем мол,рисовая)200г",1.0,г,200.0,5.89,5.89
edostavka,Check-000080.pdf,2025-01-25 23:23:10,Паштет печеночный 100г,3.0,г,100.0,1.89,5.67
edostavka,Check-000080.pdf,2025-01-25 23:23:10,"Вафли""ВОСТОЧНЫЕ""(микс)210г",1.0,г,210.0,5.27,5.27
edostavka,Check-000080.pdf,2025-01-25 23:23:10,"Каша""БЕЛЛАКТ""(на козьем мол,5 злак)200г",1.0,г,,5.19,5.19
edostavka,Check-000080.pdf,2025-01-25 23:23:10,"Пюре""ТОПТЫШКА""(ябл/бан/сливки/твор)190г",3.0,г,190.0,1.57,4.71
edostavka,Check-000080.pdf,2025-01-25 23:23:10,"Пюре""ТОПТЫШКА""(фруктовый салатик)190г",3.0,г,190.0,1.57,4.71
edostavka,Check-000080.pdf,2025-01-25 23:23:10,"Пюре""НЕПОСЕДА""(ябл/банана)185г",3.0,г,185.0,1.56,4.68
edostavka,Check-000080.pdf,2025-01-25 23:23:10,"Арахис""НИКИТИН""(жареный)200г",1.0,г,200.0,4.39,4.39
edostavka,Check-000080.pdf,2025-01-25 23:23:10,"Напиток к/м""EXP.HIGH- PRO""(безл,кл)0.25кг",1.0,кг,0.25,4.29,4.29
edostavka,Check-000080.pdf,2025-01-25 23:23:10,"Каша""БЕЛЛАКТ""(мол/мульт/чер.смор,дп)250г",1.0,г,250.0,4.09,4.09
edostavka,Check-000080.pdf,2025-01-25 23:23:10,"Каша""БЕЛЛАКТ""(зернов,мол.кук.ов.гр)250г",1.0,г,250.0,3.85,3.85
edostavka,Check-000080.pdf,2025-01-25 23:23:10,"Каша""БЕЛЛАКТ""(зернов,мол. 5 зл)250г",1.0,г,,3.75,3.75
edostavka,Check-000080.pdf,2025-01-25 23:23:10,"Каша""БЕЛЛАКТ""(зернов,мол.ов.бан)250г",1.0,г,250.0,3.75,3.75
edostavka,Check-000080.pdf,2025-01-25 23:23:10,"Пюре""ТОПТЫШКА""(яблоко/творог)190г",3.0,г,190.0,1.25,3.75
edostavka,Check-000080.pdf,2025-01-25 23:23:10,"Печенье""СЛОДЫЧ""(Мариэрта)430г",1.0,г,430.0,3.7,3.7
edostavka,Check-000080.pdf,2025-01-25 23:23:10,"Яйцо куриное ""OMEGGA3"" (С-2, 10 шт)",1.0,шт,10.0,3.65,3.65
edostavka,Check-000080.pdf,2025-01-25 23:23:10,Молоко 3.2% 1л,1.11,л,1.0,3.05,3.39
edostavka,Check-000080.pdf,2025-01-25 23:23:10,"Мак.изд""PASTA ZARA"" (№80,в/с) 500г",1.0,г,500.0,3.38,3.38
edostavka,Check-000080.pdf,2025-01-25 23:23:10,"Йогурт""БЕЛЛАКТ""3%(черн-зем- еж,ст,ДП)100г",2.0,г,100.0,0.77,1.54
edostavka,Check-000080.pdf,2025-01-25 23:23:10,"Йогурт""БЕЛЛАКТ""3%(малин./земл,ДП)100г",2.0,г,100.0,0.77,1.54
edostavka,Check-000080.pdf,2025-01-25 23:23:10,"Йогурт""БЕЛЛАКТ""2.9%(голубика,ДП)100г",2.0,г,100.0,0.77,1.54
edostavka,Check-000080.pdf,2025-01-25 23:23:10,Сахар песок 1кг,0.402,кг,1.0,2.49,1.0
edostavka,Check-000080.pdf,2025-01-25 23:23:10,"Йогурт""БЕЛЛАКТ""3%(ябл,перс,бан,ДП)100г",1.0,г,100.0,0.77,0.77
edostavka,Check-000081.pdf,2025-04-01 23:27:29,"Вафли""ВОСТОЧНЫЕ""(микс)210г",3.0,г,210.0,5.82,17.46
edostavka,Check-000081.pdf,2025-04-01 23:27:29,"Яйцо куриное""ДЕРЕВЕНС.ЯЙЦО""(С1,х10,карт)",4.0,шт,,3.45,13.8
edostavka,Check-000081.pdf,2025-04-01 23:27:29,"Молоко""САВУШКИН""3.1%(у/пас,ТБА)1л",4.0,л,1.0,3.42,13.68
edostavka,Check-000081.pdf,2025-04-01 23:27:29,Яблоко Гренни Смит 1кг,2.267,кг,1.0,5.99,13.58
edostavka,Check-000081.pdf,2025-04-01 23:27:29,"Шоколад""MILKA""(карам/арах/возд.рис) 276г",1.0,г,276.0,12.99,12.99
edostavka,Check-000081.pdf,2025-04-01 23:27:29,"Творог""ЗДРАВУШКА""9%,200г",5.0,г,200.0,2.37,11.85
edostavka,Check-000081.pdf,2025-04-01 23:27:29,"Молоко""ЗДРАВУШКА""3.4- 6%(паст,ПЭТ)0.93 л",4.0,л,0.93,2.86,11.44
edostavka,Check-000081.pdf,2025-04-01 23:27:29,"Шоколад""СПАРТАК""(dark горьк,с фундук)90г",2.0,г,90.0,5.4,10.8
edostavka,Check-000081.pdf,2025-04-01 23:27:29,Виноград черный 1кг,1.1,кг,1.0,7.99,8.79
edostavka,Check-000081.pdf,2025-04-01 23:27:29,"Сырок тв.гл.""КЛЕЦ.КРЫН""26%(ваниль)45г",8.0,г,45.0,1.05,8.4
edostavka,Check-000081.pdf,2025-04-01 23:27:29,"Вареники""БАБУШКА АНЯ""(с творогом)430г",2.0,г,430.0,4.15,8.3
edostavka,Check-000081.pdf,2025-04-01 23:27:29,"Сырок тв.гл.""БАБ.КРЫНКА""23%(как/ван)45г",8.0,г,45.0,0.99,7.92
edostavka,Check-000081.pdf,2025-04-01 23:27:29,Картофель мытый (фасов) 1кг,2.735,кг,1.0,2.89,7.9
edostavka,Check-000081.pdf,2025-04-01 23:27:29,Банан 1кг,1.141,кг,1.0,6.79,7.75
edostavka,Check-000081.pdf,2025-04-01 23:27:29,Грейпфрут красный 1кг,1.219,кг,1.0,5.79,7.06
edostavka,Check-000081.pdf,2025-04-01 23:27:29,"Крупа гречневая""ЭКОЛАЙН""900г",3.0,г,900.0,2.09,6.27
edostavka,Check-000081.pdf,2025-04-01 23:27:29,Редис красный 1 кг,0.599,кг,1.0,9.99,5.98
edostavka,Check-000081.pdf,2025-04-01 23:27:29,"Хлебцы""КЭНАПС""(хрустящие,томатные)70г",1.0,г,70.0,5.25,5.25
edostavka,Check-000081.pdf,2025-04-01 23:27:29,"Крупа рис.""ЭКОЛАЙН""(янтар.пропар)900г",1.0,г,900.0,5.19,5.19
edostavka,Check-000081.pdf,2025-04-01 23:27:29,Кетчуп томатный 500г,1.0,г,500.0,4.98,4.98
edostavka,Check-000081.pdf,2025-04-01 23:27:29,"Колбаса вар.""МОРТАДЕЛЛА""(в/с,мб)400г",1.0,г,400.0,4.58,4.58
edostavka,Check-000081.pdf,2025-04-01 23:27:29,"Арахис""НИКИТИН""(жареный)200г",1.0,г,200.0,4.39,4.39
edostavka,Check-000081.pdf,2025-04-01 23:27:29,Рукав«ГОРНИЦА»(д/зап.30см*3м )24 209-,2.0,шт,,2.15,4.3
edostavka,Check-000081.pdf,2025-04-01 23:27:29,Морковь мытая (пакет)1кг,1.0,кг,1.0,3.59,3.59
edostavka,Check-000081.pdf,2025-04-01 23:27:29,"Зефир""ПЕРВЫЙ БОБРУЙСКИЙ""(бело- розов)250г",1.0,г,250.0,3.38,3.38
edostavka,Check-000081.pdf,2025-04-01 23:27:29,"Йогурт""TEOS""2%(греческ,манг/чиа)140г",2.0,г,140.0,1.65,3.3
edostavka,Check-000081.pdf,2025-04-01 23:27:29,"Йогурт""TEOS""2%(греческ,вишня,стак)140г",2.0,г,140.0,1.65,3.3
edostavka,Check-000081.pdf,2025-04-01 23:27:29,"Крупа рис.""БАБУШК.КУХНЯ""(Любим,круг)700г",1.0,г,700.0,2.49,2.49
edostavka,Check-000081.pdf,2025-04-01 23:27:29,"Батон нарез.""ДЛЯ ВАШЕЙ СЕМЬИ""(в/с)500г",1.0,г,500.0,1.99,1.99
edostavka,Check-000081.pdf,2025-04-01 23:27:29,Хлеб ржаной 400г,1.0,г,400.0,1.39,1.39
edostavka,Check-000081.pdf,2025-04-01 23:27:29,"Напиток коф.""JARDIN""(cappuccino)18г Акц",1.0,г,18.0,0.01,0.01
edostavka,Check-000082.pdf,2025-04-09 19:04:58,Сливочное масло 82.5% 180г,2.0,г,180.0,5.61,11.22
edostavka,Check-000082.pdf,2025-04-09 19:04:58,"Шоколад""СПАРТАК""(dark горьк,с фундук)90г",2.0,г,90.0,5.4,10.8
edostavka,Check-000082.pdf,2025-04-09 19:04:58,"Хлебцы""КЭНАПС""(хрустящие,томатные)70г",2.0,г,70.0,5.25,10.5
edostavka,Check-000082.pdf,2025-04-09 19:04:58,"Вафли""ВОСТОЧНЫЕ""(микс)210г",2.0,г,210.0,5.25,10.5
edostavka,Check-000082.pdf,2025-04-09 19:04:58,Грейпфрут красный 1кг,1.369,кг,1.0,7.49,10.25
edostavka,Check-000082.pdf,2025-04-09 19:04:58,"Колбаса с/в""ПАРМА""(м/пт,порц,сал)180г",1.0,г,180.0,10.08,10.08
edostavka,Check-000082.pdf,2025-04-09 19:04:58,"Арахис""НИКИТИН""(жареный)200г",2.0,г,200.0,4.39,8.78
edostavka,Check-000082.pdf,2025-04-09 19:04:58,Виноград черный 1кг,1.043,кг,1.0,7.99,8.33
edostavka,Check-000082.pdf,2025-04-09 19:04:58,"Йогурт""TEOS""2%(греческ,черника)250г",3.0,г,250.0,2.61,7.83
edostavka,Check-000082.pdf,2025-04-09 19:04:58,Чеснок 1кг,0.755,кг,1.0,9.99,7.54
edostavka,Check-000082.pdf,2025-04-09 19:04:58,Сахар песок 1кг,2.912,кг,1.0,2.49,7.25
edostavka,Check-000082.pdf,2025-04-09 19:04:58,"Яйцо куриное""ДЕРЕВЕНС.ЯЙЦО""(С1,х10,карт)",2.0,шт,,3.45,6.9
edostavka,Check-000082.pdf,2025-04-09 19:04:58,"Колбаса с/в""ПРАЖСКАЯ""(экс,игаз,мб)180г",1.0,г,180.0,6.89,6.89
edostavka,Check-000082.pdf,2025-04-09 19:04:58,"Салат""АЙСБЕРГ""1кг",0.804,кг,1.0,8.39,6.75
edostavka,Check-000082.pdf,2025-04-09 19:04:58,"Йогурт""TEOS""2%(греческ,вишня,стак)140г",4.0,г,140.0,1.65,6.6
edostavka,Check-000082.pdf,2025-04-09 19:04:58,"Арахис""НИКИТИН""(очищ.жар.солен)300г",1.0,г,300.0,6.39,6.39
edostavka,Check-000082.pdf,2025-04-09 19:04:58,"Крупа гречневая""ЭКОЛАЙН""900г",3.0,г,900.0,2.09,6.27
edostavka,Check-000082.pdf,2025-04-09 19:04:58,"Апельсин (в сетке, вес)кг",1.284,кг,,4.65,5.97
edostavka,Check-000082.pdf,2025-04-09 19:04:58,"Йогурт""TEOS""2%(греческ,клубник,стак)140г",3.0,г,140.0,1.65,4.95
edostavka,Check-000082.pdf,2025-04-09 19:04:58,Масло подсолнечное 1л,0.872,л,1.0,5.49,4.79
edostavka,Check-000082.pdf,2025-04-09 19:04:58,"Творог""ЗДРАВУШКА""9%,200г",2.0,г,200.0,2.37,4.74
edostavka,Check-000082.pdf,2025-04-09 19:04:58,"Колбаса вар.""МОРТАДЕЛЛА""(в/с,мб)400г",1.0,г,400.0,4.58,4.58
edostavka,Check-000082.pdf,2025-04-09 19:04:58,"Морковь мытая (для сока,пакет)1кг",1.0,кг,1.0,4.29,4.29
edostavka,Check-000082.pdf,2025-04-09 19:04:58,"Молоко""САВУШКИН""3.1%(у/пас,ТБА)1л",1.0,л,1.0,3.42,3.42
edostavka,Check-000082.pdf,2025-04-09 19:04:58,"Конс.мол.сгущ.""РОГАЧЕВЪ""8.5%(с/с)270г",1.0,г,270.0,3.02,3.02
edostavka,Check-000082.pdf,2025-04-09 19:04:58,"Батон нарез.""ДЛЯ ВАШЕЙ СЕМЬИ""(в/с)500г",1.0,г,500.0,1.99,1.99
edostavka,Check-000083.pdf,2025-04-13 19:22:30,"Молоко""ЗДРАВУШКА""3.4- 6%(паст,ПЭТ)0.93 л",4.0,л,0.93,2.86,11.44
edostavka,Check-000083.pdf,2025-04-13 19:22:30,Чеснок 1кг,1.095,кг,1.0,9.99,10.94
edostavka,Check-000083.pdf,2025-04-13 19:22:30,"Мак.изд""PASTA ZARA"" (№80,в/с) 500г",2.0,г,500.0,4.84,9.68
edostavka,Check-000083.pdf,2025-04-13 19:22:30,Виноград черный 1кг,1.074,кг,1.0,7.99,8.58
edostavka,Check-000083.pdf,2025-04-13 19:22:30,"Вареники""БАБУШКА АНЯ""(с творогом)430г",2.0,г,430.0,4.15,8.3
edostavka,Check-000083.pdf,2025-04-13 19:22:30,"Салат""АЙСБЕРГ""1кг",0.889,кг,1.0,8.99,7.99
edostavka,Check-000083.pdf,2025-04-13 19:22:30,Творог зерненый 5% 200г,3.0,г,200.0,2.55,7.65
edostavka,Check-000083.pdf,2025-04-13 19:22:30,Грейпфрут красный 1кг,0.928,кг,1.0,7.49,6.95
edostavka,Check-000083.pdf,2025-04-13 19:22:30,"Сыр тв.""ЧЕДДЕР""(фас.,45%)200г",1.0,г,200.0,5.56,5.56
edostavka,Check-000083.pdf,2025-04-13 19:22:30,"Шоколад""СПАРТАК""(dark горьк,с фундук)90г",1.0,г,90.0,5.4,5.4
edostavka,Check-000083.pdf,2025-04-13 19:22:30,"Вафли""ВОСТОЧНЫЕ""(микс)210г",1.0,г,210.0,5.25,5.25
edostavka,Check-000083.pdf,2025-04-13 19:22:30,"Сырок тв.гл.""ТИМОША""23%(ванилин)45г",4.0,г,45.0,1.17,4.68
edostavka,Check-000083.pdf,2025-04-13 19:22:30,"Колбаса вар.""МОРТАДЕЛЛА""(в/с,мб)400г",1.0,г,400.0,4.58,4.58
edostavka,Check-000083.pdf,2025-04-13 19:22:30,"Сырок тв.гл.""КЛЕЦ.КРЫН""26%(ваниль)45г",4.0,г,45.0,1.05,4.2
edostavka,Check-000083.pdf,2025-04-13 19:22:30,"Сыр п/тв.""БРЕСТ-ЛИТ.РОСС.""50%(нар)150г",1.0,г,150.0,4.15,4.15
edostavka,Check-000083.pdf,2025-04-13 19:22:30,"Сырок тв.гл.""МОЛ.СТРАНА""23%(ваниль)45г",4.0,г,45.0,1.0,4.0
edostavka,Check-000083.pdf,2025-04-13 19:22:30,"Сырок тв.гл.""БАБ.КРЫНКА""23%(как/ван)45г",4.0,г,45.0,0.99,3.96
edostavka,Check-000083.pdf,2025-04-13 19:22:30,"Зефир""ПЕРВЫЙ БОБРУЙСКИЙ""(бело- розов)250г",1.0,г,250.0,3.38,3.38
edostavka,Check-000083.pdf,2025-04-13 19:22:30,"Мука пшен.""ЛИДСКАЯ""(М54-28 в/с)2кг",1.0,кг,,2.99,2.99
edostavka,Check-000083.pdf,2025-04-13 19:22:30,Йогурт детский 100г,2.0,г,100.0,0.95,1.9
edostavka,Check-000084.pdf,2025-04-23 20:04:07,Фарш куриный 500г,1.0,г,500.0,8.99,8.99
edostavka,Check-000084.pdf,2025-04-23 20:04:07,"Молоко""ЗДРАВУШКА""3.2%(стер,ТБА)1л",3.0,л,1.0,2.98,8.94
edostavka,Check-000084.pdf,2025-04-23 20:04:07,Картофель (мытый)1кг,2.456,кг,1.0,3.49,8.57
edostavka,Check-000084.pdf,2025-04-23 20:04:07,"Яйцо куриное ""OMEGGA3"" (С-2, 10 шт)",3.0,шт,10.0,2.59,7.77
edostavka,Check-000084.pdf,2025-04-23 20:04:07,"Напиток к/м""EXP.HIGH-PRO""(кл/арб)0.25кг",2.0,кг,0.25,3.85,7.7
edostavka,Check-000084.pdf,2025-04-23 20:04:07,"Сырок тв.гл.""МОЛ.СТРАНА""23%(ваниль)45г",6.0,г,45.0,1.0,6.0
edostavka,Check-000084.pdf,2025-04-23 20:04:07,"Огурец колючий""БЬЕРН"" 1кг",0.785,кг,1.0,7.38,5.79
edostavka,Check-000084.pdf,2025-04-23 20:04:07,"Хлебцы""КЭНАПС""(хрустящие,томатные)70г",1.0,г,70.0,5.25,5.25
edostavka,Check-000084.pdf,2025-04-23 20:04:07,"Йогурт""TEOS""2%(греческ,черника)250г",2.0,г,250.0,2.61,5.22
edostavka,Check-000084.pdf,2025-04-23 20:04:07,"Йогурт""TEOS""2%(греческ,орех-мёд)250г",2.0,г,250.0,2.61,5.22
edostavka,Check-000084.pdf,2025-04-23 20:04:07,"Йогурт""TEOS""2%(греческ,злак/кл.льна)250г",2.0,г,250.0,2.61,5.22
edostavka,Check-000084.pdf,2025-04-23 20:04:07,Грейпфрут красный 1кг,0.677,кг,1.0,7.53,5.1
edostavka,Check-000084.pdf,2025-04-23 20:04:07,"Напиток к/м""EXP.HIGH- PRO""(мал/бан)0.25кг",1.0,кг,0.25,4.89,4.89
edostavka,Check-000084.pdf,2025-04-23 20:04:07,"Колбаса вар.""МОРТАДЕЛЛА""(в/с,мб)400г",1.0,г,400.0,4.58,4.58
edostavka,Check-000084.pdf,2025-04-23 20:04:07,"Сырок тв.гл.""КЛЕЦ.КРЫН""26%(ваниль)45г",4.0,г,45.0,1.05,4.2
edostavka,Check-000084.pdf,2025-04-23 20:04:07,Капуста белокочанная (салатная) 1к,0.905,шт,1.0,4.47,4.05
edostavka,Check-000084.pdf,2025-04-23 20:04:07,"Сырок тв.гл.""БАБ.КРЫНКА""23%(как/ван)45г",4.0,г,45.0,0.99,3.96
edostavka,Check-000084.pdf,2025-04-23 20:04:07,Консервы горошек 425мл,1.073,л,0.425,3.44,3.69
edostavka,Check-000084.pdf,2025-04-23 20:04:07,Йогурт греческий 2% 140г,2.0,г,140.0,1.69,3.38
edostavka,Check-000084.pdf,2025-04-23 20:04:07,"Вафли""СПАРТАК""(Черноморские,фл/п)87г",2.0,г,87.0,1.13,2.26
edostavka,Check-000084.pdf,2025-04-23 20:04:07,"Кефир""ЗДРАВУШКА""3.2%(ПЭТ)0.93кг",1.0,кг,0.93,2.21,2.21
edostavka,Check-000084.pdf,2025-04-23 20:04:07,"Батон нарез.""ДЛЯ ВАШЕЙ СЕМЬИ""(в/с)500г",1.0,г,500.0,1.99,1.99
edostavka,Check-000084.pdf,2025-04-23 20:04:07,Сок детский 0.2л,1.251,л,0.2,1.29,1.61
edostavka,Check-000085.pdf,2025-04-30 21:10:55,"Молоко""ЗДРАВУШКА""3.4- 6%(паст,ПЭТ)0.93 л",4.0,л,0.93,2.91,11.64
edostavka,Check-000085.pdf,2025-04-30 21:10:55,"Творог""САВУШКИН""9%(ф/п)180г",5.0,г,180.0,2.28,11.4
edostavka,Check-000085.pdf,2025-04-30 21:10:55,"Яйцо куриное (С-1,цв, х10)Оршанская ПФ",3.0,шт,,3.69,11.07
edostavka,Check-000085.pdf,2025-04-30 21:10:55,"Шоколад""СПАРТАК""(dark горьк,с фундук)90г",2.0,г,90.0,5.4,10.8
edostavka,Check-000085.pdf,2025-04-30 21:10:55,"Творог""БЕЛЛАКТ""9%(пленка) 180г",5.0,г,180.0,2.04,10.2
edostavka,Check-000085.pdf,2025-04-30 21:10:55,Творог 1% (линк) 200г,6.0,г,200.0,1.65,9.9
edostavka,Check-000085.pdf,2025-04-30 21:10:55,"Напиток к/м""EXP.HIGH-PRO""(кл/арб)0.25кг",2.0,кг,0.25,4.89,9.78
edostavka,Check-000085.pdf,2025-04-30 21:10:55,"Бумага туал.""PAPIA""(балий.цвет,3сл)8рул",1.0,л,,9.67,9.67
edostavka,Check-000085.pdf,2025-04-30 21:10:55,"Молоко""ЗДРАВУШКА""3.2%(стер,ТБА)1л",3.0,л,1.0,3.03,9.09
edostavka,Check-000085.pdf,2025-04-30 21:10:55,Шпроты 160г,2.0,г,160.0,4.49,8.98
edostavka,Check-000085.pdf,2025-04-30 21:10:55,Апельсин 1кг,1.541,кг,1.0,5.35,8.24
edostavka,Check-000085.pdf,2025-04-30 21:10:55,Виноград черный 1кг,1.027,кг,1.0,7.59,7.79
edostavka,Check-000085.pdf,2025-04-30 21:10:55,"Салат""АЙСБЕРГ""1кг",0.86,кг,1.0,8.99,7.73
edostavka,Check-000085.pdf,2025-04-30 21:10:55,Паштет печеночный 100г,4.0,г,100.0,1.89,7.56
edostavka,Check-000085.pdf,2025-04-30 21:10:55,"Сырок тв.гл.""МОЛ.СТРАНА""23%(ваниль)45г",6.0,г,45.0,1.0,6.0
edostavka,Check-000085.pdf,2025-04-30 21:10:55,Кефир 2.5% 0.93л,2.354,л,0.93,2.45,5.77
edostavka,Check-000085.pdf,2025-04-30 21:10:55,"Вареники""БАБУШКА АНЯ""(с творогом)430г",1.0,г,430.0,5.15,5.15
edostavka,Check-000085.pdf,2025-04-30 21:10:55,Кетчуп томатный 500г,1.0,г,500.0,4.98,4.98
edostavka,Check-000085.pdf,2025-04-30 21:10:55,"Колбаса вар.""МОРТАДЕЛЛА""(в/с,мб)400г",1.0,г,400.0,4.58,4.58
edostavka,Check-000085.pdf,2025-04-30 21:10:55,"Сырок тв.гл.""БАБ.КРЫНКА""23%(как/ван)45г",4.0,г,45.0,0.99,3.96
edostavka,Check-000085.pdf,2025-04-30 21:10:55,Грейпфрут красный 1кг,0.468,кг,1.0,7.35,3.44
edostavka,Check-000085.pdf,2025-04-30 21:10:55,"Хлебцы""ПОЛОЦКИЕ""(экстр,ржан.с чесн)80г",2.0,г,80.0,1.39,2.78
edostavka,Check-000085.pdf,2025-04-30 21:10:55,"Хлебцы""ПОЛОЦКИЕ""(экстр,бородинские)80г",2.0,г,80.0,1.34,2.68
edostavka,Check-000085.pdf,2025-04-30 21:10:55,Молоко 2.5% 1л,0.801,л,1.0,2.89,2.31
edostavka,Check-000085.pdf,2025-04-30 21:10:55,Булка сдобная 200г,2.0,г,200.0,0.95,1.9
edostavka,Check-000086.pdf,2025-05-04 21:57:35,"Молоко""ЗДРАВУШКА""3.4- 6%(паст,ПЭТ)0.93 л",4.0,л,0.93,2.92,11.68
edostavka,Check-000086.pdf,2025-05-04 21:57:35,"Творог""САВУШКИН""9%(ф/п)180г",5.0,г,180.0,2.29,11.45
edostavka,Check-000086.pdf,2025-05-04 21:57:35,"Шоколад""СПАРТАК""(dark горьк,с фундук)90г",2.0,г,90.0,5.41,10.82
edostavka,Check-000086.pdf,2025-05-04 21:57:35,"Творог""БЕЛЛАКТ""9%(пленка) 180г",5.0,г,180.0,2.06,10.3
edostavka,Check-000086.pdf,2025-05-04 21:57:35,"Вареники""БАБУШКА АНЯ""(с творогом)430г",2.0,г,430.0,5.15,10.3
edostavka,Check-000086.pdf,2025-05-04 21:57:35,"Напиток к/м""EXP.HIGH-PRO""(кл/арб)0.25кг",2.0,кг,0.25,4.89,9.78
edostavka,Check-000086.pdf,2025-05-04 21:57:35,Апельсин 1кг,1.596,кг,1.0,5.99,9.56
edostavka,Check-000086.pdf,2025-05-04 21:57:35,"Колбаса вар.""МОРТАДЕЛЛА""(в/с,мб)400г",2.0,г,400.0,4.6,9.2
edostavka,Check-000086.pdf,2025-05-04 21:57:35,"Сосиски""ТИГРЫ""(в/с,игаз)320г",2.0,г,320.0,4.56,9.12
edostavka,Check-000086.pdf,2025-05-04 21:57:35,"Сырок тв.гл.""МОЛ.СТРАНА""23%(ваниль)45г",8.0,г,45.0,1.0,8.0
edostavka,Check-000086.pdf,2025-05-04 21:57:35,Чай зеленый 50г,2.0,г,50.0,3.99,7.98
edostavka,Check-000086.pdf,2025-05-04 21:57:35,Лапша яичная 400г,2.0,г,400.0,3.89,7.78
edostavka,Check-000086.pdf,2025-05-04 21:57:35,"Шоколад ""СПАРТАК"" (гор.,клуб/фун,б/c)95г",1.0,г,95.0,6.73,6.73
edostavka,Check-000086.pdf,2025-05-04 21:57:35,"Молоко""ЗДРАВУШКА""3.2%(стер,ТБА)1л",2.0,л,1.0,3.04,6.08
edostavka,Check-000086.pdf,2025-05-04 21:57:35,"Шоколад""СПАРТАК""(мол, сол.карам.) 95г",1.0,г,95.0,5.73,5.73
edostavka,Check-000086.pdf,2025-05-04 21:57:35,Сгущенное молоко 8.5% 270г,2.0,г,270.0,2.71,5.42
edostavka,Check-000086.pdf,2025-05-04 21:57:35,"Чипсы""МИРА""(картоф.Белорусские,лук)200г",1.0,г,200.0,4.49,4.49
edostavka,Check-000086.pdf,2025-05-04 21:57:35,"Чипсы""МИРА""(картоф.Белорусские)200г",1.0,г,200.0,4.39,4.39
edostavka,Check-000086.pdf,2025-05-04 21:57:35,"Сырок тв.гл.""БАБ.КРЫНКА""23%(как/ван)45г",4.0,г,45.0,1.0,4.0
edostavka,Check-000086.pdf,2025-05-04 21:57:35,Грейпфрут красный 1кг,0.459,кг,1.0,7.82,3.59
edostavka,Check-000086.pdf,2025-05-04 21:57:35,"Хлебцы""ПОЛОЦКИЕ""(экстр,бородинские)80г",2.0,г,80.0,1.34,2.68
edostavka,Check-000086.pdf,2025-05-04 21:57:35,"Чипсы""МИРА""(картоф.Белорусские,папр)100г",1.0,г,100.0,2.55,2.55
edostavka,Check-000086.pdf,2025-05-04 21:57:35,Печенье детское 150г,1.0,г,150.0,2.49,2.49
edostavka,Check-000086.pdf,2025-05-04 21:57:35,Капуста белокочанная 1кг,1.044,кг,1.0,1.59,1.66
